-- phpMyAdmin SQL Dump
-- version 5.1.1deb5ubuntu1
-- https://www.phpmyadmin.net/
--
-- Host: localhost:3306
-- Waktu pembuatan: 02 Nov 2022 pada 08.37
-- Versi server: 8.0.31-0ubuntu0.22.04.1
-- Versi PHP: 8.1.2

SET SQL_MODE = "NO_AUTO_VALUE_ON_ZERO";
START TRANSACTION;
SET time_zone = "+00:00";


/*!40101 SET @OLD_CHARACTER_SET_CLIENT=@@CHARACTER_SET_CLIENT */;
/*!40101 SET @OLD_CHARACTER_SET_RESULTS=@@CHARACTER_SET_RESULTS */;
/*!40101 SET @OLD_COLLATION_CONNECTION=@@COLLATION_CONNECTION */;
/*!40101 SET NAMES utf8mb4 */;

--
-- Database: `lkpd`
--

-- --------------------------------------------------------

--
-- Struktur dari tabel `apbd`
--

CREATE TABLE `apbd` (
  `id` varchar(40) COLLATE utf8mb4_unicode_ci NOT NULL,
  `kode_rekening` varchar(50) COLLATE utf8mb4_unicode_ci NOT NULL,
  `nama_rekening` varchar(255) COLLATE utf8mb4_unicode_ci NOT NULL,
  `uraian` varchar(255) COLLATE utf8mb4_unicode_ci DEFAULT NULL,
  `sub_uraian` varchar(255) COLLATE utf8mb4_unicode_ci DEFAULT NULL,
  `jml_anggaran_sebelum` bigint DEFAULT NULL,
  `jml_anggaran_setelah` bigint DEFAULT NULL,
  `selisih_anggaran` bigint DEFAULT NULL,
  `persen` varchar(3) COLLATE utf8mb4_unicode_ci DEFAULT NULL,
  `user_id` varchar(255) COLLATE utf8mb4_unicode_ci NOT NULL,
  `tahun_anggaran` varchar(4) COLLATE utf8mb4_unicode_ci NOT NULL,
  `created_at` timestamp NULL DEFAULT NULL,
  `updated_at` timestamp NULL DEFAULT NULL
) ENGINE=InnoDB DEFAULT CHARSET=utf8mb4 COLLATE=utf8mb4_unicode_ci;

--
-- Dumping data untuk tabel `apbd`
--

INSERT INTO `apbd` (`id`, `kode_rekening`, `nama_rekening`, `uraian`, `sub_uraian`, `jml_anggaran_sebelum`, `jml_anggaran_setelah`, `selisih_anggaran`, `persen`, `user_id`, `tahun_anggaran`, `created_at`, `updated_at`) VALUES
('01347014-0292-401d-b03c-6498be45ed57', '5.2.01', 'BELANJA', 'BELANJA MODAL', 'Belanja Modal Tanah', 1050000000, 1500000000, 450000000, '43', 'c760170f-f055-11ec-aceb-244bfebc253d', '2020', '2019-12-31 17:01:01', '2022-10-31 02:46:17'),
('025b3686-8516-4c24-80ef-bb124d3ee7e7', '5.2.05', 'BELANJA', 'BELANJA MODAL', 'Belanja Modal Aset Tetap Lainnya', 21759599494, 21415605882, 343993612, '2', 'c760170f-f055-11ec-aceb-244bfebc253d', '2020', '2019-12-31 17:01:01', '2022-10-31 02:46:17'),
('03c620bc-36b7-4a05-99fa-b7e91ef0182e', '6.1.01', 'PEMBIAYAAN', 'PENERIMAAN PEMBIAYAAN', 'Sisa Lebih Perhitungan Anggaran Tahun Sebelumnya', 65000000000, 119812833596, 54812833596, '84', 'c760170f-f055-11ec-aceb-244bfebc253d', '2018', '2022-10-31 09:41:24', '2022-10-31 09:41:24'),
('03fbe442-afe2-45eb-b2db-5a9b6a5727b3', '6.3', 'PEMBIAYAAN', 'PENGELUARAN PEMBIAYAAN', 'Sisa Lebih Pembiayaan Anggaran Daerah Tahun Berkenaan', 0, 0, 0, '1', 'c760170f-f055-11ec-aceb-244bfebc253d', '2020', '2019-12-31 17:01:01', '2022-10-31 02:46:17'),
('05149714-f2ec-4c97-bf36-891af6fc8a99', '6', 'PEMBIAYAAN', NULL, NULL, 0, 0, 0, NULL, 'c760170f-f055-11ec-aceb-244bfebc253d', '2019', '2022-10-31 09:41:04', '2022-10-31 09:41:04'),
('0567fdcf-b925-448b-8377-da56eb28ce1f', '5.4', 'BELANJA', 'BELANJA TRANSFER', NULL, 696399442204, 758584178435, 62184736231, '9', 'c760170f-f055-11ec-aceb-244bfebc253d', '2019', '2022-10-31 09:41:04', '2022-10-31 09:41:04'),
('076425ae-f55f-4562-96b3-3649957b5f51', '5', 'BELANJA', NULL, NULL, 0, 0, 0, NULL, 'c760170f-f055-11ec-aceb-244bfebc253d', '2021', '2020-12-31 17:01:01', '2022-10-31 02:50:26'),
('088557d7-d6f7-410d-a028-f121b5f482be', '5.2.02', 'BELANJA', 'BELANJA MODAL', 'Belanja Modal Peralatan dan Mesin', 248501023243, 297885154129, 49384130886, '2', 'c760170f-f055-11ec-aceb-244bfebc253d', '2021', '2020-12-31 17:01:01', '2022-10-31 02:50:26'),
('09f937f0-21a8-4e69-a1ee-c5c4f0f958a8', '5.1.05', 'BELANJA', 'BELANJA OPERASI', 'Belanja Hibah', 1396221410359, 1292085893254, 104135517105, '7', 'c760170f-f055-11ec-aceb-244bfebc253d', '2022', '2022-10-31 09:28:13', '2022-10-31 09:28:13'),
('0b5b60ec-1d93-4be1-818e-4dfaba0959e7', '4.1.04', 'PENDAPATAN DAERAH', 'PENDAPATAN ASLI DAERAH PAD', 'Lain-lain PAD yang Sah', 355290515419, 563446006600, 208155491181, '59', 'c760170f-f055-11ec-aceb-244bfebc253d', '2018', '2022-10-31 09:41:24', '2022-10-31 09:41:24'),
('0b662ebf-466a-448c-aee0-de226ec453e2', '5.1.06', 'BELANJA', 'BELANJA OPERASI', 'Belanja Bantuan Sosial', 8921876600, 8649276600, 272600000, '3', 'c760170f-f055-11ec-aceb-244bfebc253d', '2021', '2020-12-31 17:01:01', '2022-10-31 02:50:26'),
('0b683c9e-0920-437b-99da-eac539f50317', '5.3.01', 'BELANJA', 'BELANJA TIDAK TERDUGA', 'Belanja Tidak Terduga', 10000000000, 58606843539, 48606843539, '486', 'c760170f-f055-11ec-aceb-244bfebc253d', '2021', '2020-12-31 17:01:01', '2022-10-31 02:50:26'),
('0bb630a0-812d-4510-89bf-e4449159c688', '5.2.01', 'BELANJA', 'BELANJA MODAL', 'Belanja Modal Tanah', 1050000000, 1500000000, 450000000, '43', 'c760170f-f055-11ec-aceb-244bfebc253d', '2018', '2022-10-31 09:41:24', '2022-10-31 09:41:24'),
('0d508398-6ec4-4398-8db7-c7ba767673b7', '6.2', 'PEMBIAYAAN', 'PENGELUARAN PEMBIAYAAN', NULL, 10000000000, 5000000000, 5000000000, '5', 'c760170f-f055-11ec-aceb-244bfebc253d', '2019', '2022-10-31 09:41:04', '2022-10-31 09:41:04'),
('0f374137-cb6b-4b76-88de-ec06b3b11fc4', '4.2.02', 'PENDAPATAN DAERAH', 'PENDAPATAN TRANSFER', 'Pendapatan Transfer Antar Daerah', 1662086250, 1742930885, 80844635, '5', 'c760170f-f055-11ec-aceb-244bfebc253d', '2019', '2022-10-31 09:41:04', '2022-10-31 09:41:04'),
('0fb7ecac-53db-45b8-95b9-b675b3d4e73a', '6', 'PEMBIAYAAN', NULL, NULL, 0, 0, 0, NULL, 'c760170f-f055-11ec-aceb-244bfebc253d', '2018', '2022-10-31 09:41:24', '2022-10-31 09:41:24'),
('10d2278d-9ae9-46ac-b95d-be9ed3a20533', '6.2.02', 'PEMBIAYAAN', 'PENGELUARAN PEMBIAYAAN', 'Penyertaan Modal Daerah', 10000000000, 5000000000, 5000000000, '5', 'c760170f-f055-11ec-aceb-244bfebc253d', '2020', '2019-12-31 17:01:01', '2022-10-31 02:46:17'),
('12746681-7e4c-440e-95e5-1c07e346b419', '5.2.01', 'BELANJA', 'BELANJA MODAL', 'Belanja Modal Tanah', 1050000000, 1500000000, 450000000, '43', 'c760170f-f055-11ec-aceb-244bfebc253d', '2021', '2020-12-31 17:01:01', '2022-10-31 02:50:26'),
('14174991-371b-40f1-adab-4daddb0e7351', '5.2', 'BELANJA', 'BELANJA MODAL', NULL, 774061414582, 1247827460776, 473766046194, '61', 'c760170f-f055-11ec-aceb-244bfebc253d', '2020', '2019-12-31 17:01:01', '2022-10-31 02:46:17'),
('15ae48fa-ad40-4f95-b637-8151937ed127', '4.2.02', 'PENDAPATAN DAERAH', 'PENDAPATAN TRANSFER', 'Pendapatan Transfer Antar Daerah', 1662086250, 1742930885, 80844635, '5', 'c760170f-f055-11ec-aceb-244bfebc253d', '2020', '2019-12-31 17:01:01', '2022-10-31 02:46:17'),
('16a75fee-52c1-4b3b-90b6-84bd75f4db6e', '4.1.02', 'PENDAPATAN DAERAH', 'PENDAPATAN ASLI DAERAH PAD', 'Retribusi Daerah', 47219957500, 47219957500, 0, '0', 'c760170f-f055-11ec-aceb-244bfebc253d', '2022', '2022-10-31 09:28:13', '2022-10-31 09:28:13'),
('171f2005-7a9e-4bb4-a3fb-79cf9d611230', '4.1.01', 'PENDAPATAN DAERAH', 'PENDAPATAN ASLI DAERAH PAD', 'Pajak Daerah', 1487726538148, 1601353821000, 113627282852, '8', 'c760170f-f055-11ec-aceb-244bfebc253d', '2021', '2020-12-31 17:01:01', '2022-10-31 02:50:25'),
('17e7cea9-4132-4656-905a-c8c2037b6013', '5.1', 'BELANJA', 'BELANJA OPERASI', NULL, 4048470998641, 4315298315161, 266827316520, '7', 'c760170f-f055-11ec-aceb-244bfebc253d', '2021', '2020-12-31 17:01:01', '2022-10-31 02:50:26'),
('1bf987ec-81fc-407c-a01b-66ce1e957901', '4.1.04', 'PENDAPATAN DAERAH', 'PENDAPATAN ASLI DAERAH PAD', 'Lain-lain PAD yang Sah', 355290515419, 563446006600, 208155491181, '59', 'c760170f-f055-11ec-aceb-244bfebc253d', '2021', '2020-12-31 17:01:01', '2022-10-31 02:50:25'),
('1ddec573-9c54-4588-9a39-0f59e8c09857', '4.2.01', 'PENDAPATAN DAERAH', 'PENDAPATAN TRANSFER', 'Pendapatan Transfer Pemerintah Pusat', 3463147644000, 3425156711263, 37990932737, '1', 'c760170f-f055-11ec-aceb-244bfebc253d', '2022', '2022-10-31 09:28:13', '2022-10-31 09:28:13'),
('1e135f00-0f9b-44e5-b3a1-d9b4a44fb2a6', '5.4.02', 'BELANJA', 'BELANJA TRANSFER', 'Belanja Bantuan Keuangan', 358087500, 1438932135, 1080844635, '302', 'c760170f-f055-11ec-aceb-244bfebc253d', '2020', '2019-12-31 17:01:01', '2022-10-31 02:46:17'),
('21308291-dd29-4c08-bbb4-5770bb19f6b2', '4.1.01', 'PENDAPATAN DAERAH', 'PENDAPATAN ASLI DAERAH PAD', 'Pajak Daerah', 1487726538148, 1601353821000, 113627282852, '8', 'c760170f-f055-11ec-aceb-244bfebc253d', '2022', '2022-10-31 09:28:13', '2022-10-31 09:28:13'),
('21efe16c-8389-40d3-a9ab-1d75387d49c1', '4.2', 'PENDAPATAN DAERAH', 'PENDAPATAN TRANSFER', NULL, 3464809730250, 3426899642148, 37910088102, '1', 'c760170f-f055-11ec-aceb-244bfebc253d', '2020', '2019-12-31 17:01:01', '2022-10-31 02:46:17'),
('224dd535-218b-4b41-9d88-e6fe45e5fdf6', '4.1.03', 'PENDAPATAN DAERAH', 'PENDAPATAN ASLI DAERAH PAD', 'Hasil Pengelolaan Kekayaan Daerah yang Dipisahkan', 64104210166, 46263633123, 17840577043, '28', 'c760170f-f055-11ec-aceb-244bfebc253d', '2018', '2022-10-31 09:41:24', '2022-10-31 09:41:24'),
('267c9ade-3284-4f4d-848d-96172eb00964', '5', 'BELANJA', NULL, NULL, 0, 0, 0, NULL, 'c760170f-f055-11ec-aceb-244bfebc253d', '2019', '2022-10-31 09:41:04', '2022-10-31 09:41:04'),
('26f23a1f-20af-4c0c-9379-1bea949f3761', '5.1.01', 'BELANJA', 'BELANJA OPERASI', 'Belanja Pegawai', 1522993945344, 1541661320793, 18667375449, '1', 'c760170f-f055-11ec-aceb-244bfebc253d', '2022', '2022-10-31 09:28:13', '2022-10-31 09:28:13'),
('26f70e7d-c786-4e50-ba4d-c570ee7de9dd', '4.1.01', 'PENDAPATAN DAERAH', 'PENDAPATAN ASLI DAERAH PAD', 'Pajak Daerah', 1487726538148, 1601353821000, 113627282852, '8', 'c760170f-f055-11ec-aceb-244bfebc253d', '2018', '2022-10-31 09:41:24', '2022-10-31 09:41:24'),
('28899ab4-731a-47c3-ab93-89a1fb10b1de', '5.2', 'BELANJA', 'BELANJA MODAL', NULL, 774061414582, 1247827460776, 473766046194, '61', 'c760170f-f055-11ec-aceb-244bfebc253d', '2019', '2022-10-31 09:41:04', '2022-10-31 09:41:04'),
('29a464c7-4416-40d1-8998-cab9ae8b5f70', '5.4.02', 'BELANJA', 'BELANJA TRANSFER', 'Belanja Bantuan Keuangan', 358087500, 1438932135, 1080844635, '302', 'c760170f-f055-11ec-aceb-244bfebc253d', '2018', '2022-10-31 09:41:24', '2022-10-31 09:41:24'),
('2a96eef0-aff2-4fc9-824a-d9e5f7ce1984', '5.1.06', 'BELANJA', 'BELANJA OPERASI', 'Belanja Bantuan Sosial', 8921876600, 8649276600, 272600000, '3', 'c760170f-f055-11ec-aceb-244bfebc253d', '2020', '2019-12-31 17:01:01', '2022-10-31 02:46:17'),
('2cf592b6-acfc-4c7e-b1fa-80ab80b28217', '5.3', 'BELANJA', 'BELANJA TIDAK TERDUGA', NULL, 10000000000, 58606843539, 48606843539, '486', 'c760170f-f055-11ec-aceb-244bfebc253d', '2018', '2022-10-31 09:41:24', '2022-10-31 09:41:24'),
('2d60fb5a-9ecb-4316-9dcf-be8e29a95300', '6.1', 'PEMBIAYAAN', 'PENERIMAAN PEMBIAYAAN', NULL, 65000000000, 645352833596, 580352833596, '893', 'c760170f-f055-11ec-aceb-244bfebc253d', '2021', '2020-12-31 17:01:01', '2022-10-31 02:50:26'),
('2d90717b-61f5-4a1d-863a-2bd4e2060af6', '5.1', 'BELANJA', 'BELANJA OPERASI', NULL, 4048470998641, 4315298315161, 266827316520, '7', 'c760170f-f055-11ec-aceb-244bfebc253d', '2020', '2019-12-31 17:01:01', '2022-10-31 02:46:17'),
('2dc6218b-d63e-427e-8b1c-584127a529e4', '5.4.02', 'BELANJA', 'BELANJA TRANSFER', 'Belanja Bantuan Keuangan', 358087500, 1438932135, 1080844635, '302', 'c760170f-f055-11ec-aceb-244bfebc253d', '2022', '2022-10-31 09:28:13', '2022-10-31 09:28:13'),
('2ea61b25-a820-4136-be4a-a89e94889612', '5.1.01', 'BELANJA', 'BELANJA OPERASI', 'Belanja Pegawai', 1522993945344, 1541661320793, 18667375449, '1', 'c760170f-f055-11ec-aceb-244bfebc253d', '2021', '2020-12-31 17:01:01', '2022-10-31 02:50:26'),
('30d36a81-99e5-4c18-89c6-9993caa8b53d', '5.2.03', 'BELANJA', 'BELANJA MODAL', 'Belanja Modal Gedung dan Bangunan', 178594663157, 328734665445, 150140002288, '84', 'c760170f-f055-11ec-aceb-244bfebc253d', '2021', '2020-12-31 17:01:01', '2022-10-31 02:50:26'),
('3151b07d-95ba-419a-80c9-616172cb79a7', '4.2', 'PENDAPATAN DAERAH', 'PENDAPATAN TRANSFER', NULL, 3464809730250, 3426899642148, 37910088102, '1', 'c760170f-f055-11ec-aceb-244bfebc253d', '2021', '2020-12-31 17:01:01', '2022-10-31 02:50:25'),
('31831f6c-b759-49fd-a41c-65e4aa813100', '6.3', 'PEMBIAYAAN', 'PENGELUARAN PEMBIAYAAN', 'Sisa Lebih Pembiayaan Anggaran Daerah Tahun Berkenaan', 0, 0, 0, '1', 'c760170f-f055-11ec-aceb-244bfebc253d', '2018', '2022-10-31 09:41:24', '2022-10-31 09:41:24'),
('336d25b9-98c7-4548-bb01-029d466c694e', '5.4.01', 'BELANJA', 'BELANJA TRANSFER', 'Belanja Bagi Hasil', 696041354704, 757145246300, 61103891596, '9', 'c760170f-f055-11ec-aceb-244bfebc253d', '2022', '2022-10-31 09:28:13', '2022-10-31 09:28:13'),
('35f0b2fd-4325-4fea-b081-cf345c393f4d', '5.2', 'BELANJA', 'BELANJA MODAL', NULL, 774061414582, 1247827460776, 473766046194, '61', 'c760170f-f055-11ec-aceb-244bfebc253d', '2018', '2022-10-31 09:41:24', '2022-10-31 09:41:24'),
('3651e7ee-2e7b-4c20-88f3-c495741060da', '6.2.02', 'PEMBIAYAAN', 'PENGELUARAN PEMBIAYAAN', 'Penyertaan Modal Daerah', 10000000000, 5000000000, 5000000000, '5', 'c760170f-f055-11ec-aceb-244bfebc253d', '2018', '2022-10-31 09:41:24', '2022-10-31 09:41:24'),
('3cb5e585-8b3a-45c9-88e7-935ff1e05bf2', '4.2', 'PENDAPATAN DAERAH', 'PENDAPATAN TRANSFER', NULL, 3464809730250, 3426899642148, 37910088102, '1', 'c760170f-f055-11ec-aceb-244bfebc253d', '2022', '2022-10-31 09:28:13', '2022-10-31 09:28:13'),
('3d6f9ce7-05a6-4da8-bb06-9d6cec9d3a76', '4.3.01', 'PENDAPATAN DAERAH', 'LAIN-LAIN PENDAPATAN DAERAH YANG SAH', 'Pendapatan Hibah', 54780903944, 54780903944, 0, '0', 'c760170f-f055-11ec-aceb-244bfebc253d', '2020', '2019-12-31 17:01:01', '2022-10-31 02:46:17'),
('41131d68-3ea3-4c88-b777-6f60e6da41e4', '5.2.04', 'BELANJA', 'BELANJA MODAL', 'Belanja Modal Jalan, Jaringan, dan Irigasi', 324096128688, 598292035320, 274195906632, '85', 'c760170f-f055-11ec-aceb-244bfebc253d', '2020', '2019-12-31 17:01:01', '2022-10-31 02:46:17'),
('43e12674-7d89-4b48-be5e-ad23d4b320c7', '5.1', 'BELANJA', 'BELANJA OPERASI', NULL, 4048470998641, 4315298315161, 266827316520, '7', 'c760170f-f055-11ec-aceb-244bfebc253d', '2018', '2022-10-31 09:41:24', '2022-10-31 09:41:24'),
('459f7e1a-6f7d-49d0-9599-b53facdc87d3', '4.1', 'PENDAPATAN DAERAH', 'PENDAPATAN ASLI DAERAH PAD', NULL, 1954341221233, 2258283418223, 303942196990, '16', 'c760170f-f055-11ec-aceb-244bfebc253d', '2019', '2022-10-31 09:41:04', '2022-10-31 09:41:04'),
('45d1811e-94f6-4c5a-9fde-53214ed41c86', '6', 'PEMBIAYAAN', NULL, NULL, 0, 0, 0, NULL, 'c760170f-f055-11ec-aceb-244bfebc253d', '2020', '2019-12-31 17:01:01', '2022-10-31 02:46:17'),
('48747242-2d0f-4ce7-b4e5-a5ff771eb02a', '4.1.01', 'PENDAPATAN DAERAH', 'PENDAPATAN ASLI DAERAH PAD', 'Pajak Daerah', 1487726538148, 1601353821000, 113627282852, '8', 'c760170f-f055-11ec-aceb-244bfebc253d', '2019', '2022-10-31 09:41:04', '2022-10-31 09:41:04'),
('49e2f118-3b5c-4a90-a754-31654b137355', '5.2', 'BELANJA', 'BELANJA MODAL', NULL, 774061414582, 1247827460776, 473766046194, '61', 'c760170f-f055-11ec-aceb-244bfebc253d', '2021', '2020-12-31 17:01:01', '2022-10-31 02:50:26'),
('4a34caae-a561-4465-ab18-022117a9c898', '5.3', 'BELANJA', 'BELANJA TIDAK TERDUGA', NULL, 10000000000, 58606843539, 48606843539, '486', 'c760170f-f055-11ec-aceb-244bfebc253d', '2021', '2020-12-31 17:01:01', '2022-10-31 02:50:26'),
('4d08543a-b2f0-45a1-a9a3-69e8ce695e3d', '5.4', 'BELANJA', 'BELANJA TRANSFER', NULL, 696399442204, 758584178435, 62184736231, '9', 'c760170f-f055-11ec-aceb-244bfebc253d', '2021', '2020-12-31 17:01:01', '2022-10-31 02:50:26'),
('4e2f6f95-3cd9-402c-a0aa-ef95aa30a034', '5.3.01', 'BELANJA', 'BELANJA TIDAK TERDUGA', 'Belanja Tidak Terduga', 10000000000, 58606843539, 48606843539, '486', 'c760170f-f055-11ec-aceb-244bfebc253d', '2018', '2022-10-31 09:41:24', '2022-10-31 09:41:24'),
('50c31243-5da6-4b57-8acc-0cdea368717c', '5.1.04', 'BELANJA', 'BELANJA OPERASI', 'Belanja Subsidi', 1631860720, 396275790, 1235584930, '76', 'c760170f-f055-11ec-aceb-244bfebc253d', '2018', '2022-10-31 09:41:24', '2022-10-31 09:41:24'),
('514d210d-b4dc-40fe-b660-39d8a8e4a8d5', '5.1.03', 'BELANJA', 'BELANJA OPERASI', 'Belanja Bunga', 0, 5055850083, 5055850083, '1', 'c760170f-f055-11ec-aceb-244bfebc253d', '2021', '2020-12-31 17:01:01', '2022-10-31 02:50:26'),
('51b8fd88-9957-4c12-b77b-3a94646512fe', '5.3', 'BELANJA', 'BELANJA TIDAK TERDUGA', NULL, 10000000000, 58606843539, 48606843539, '486', 'c760170f-f055-11ec-aceb-244bfebc253d', '2019', '2022-10-31 09:41:04', '2022-10-31 09:41:04'),
('531ca48c-c78d-476b-9d2b-c1c36c52eb83', '4.1.04', 'PENDAPATAN DAERAH', 'PENDAPATAN ASLI DAERAH PAD', 'Lain-lain PAD yang Sah', 355290515419, 563446006600, 208155491181, '59', 'c760170f-f055-11ec-aceb-244bfebc253d', '2022', '2022-10-31 09:28:13', '2022-10-31 09:28:13'),
('53656408-b4c3-4a8b-88db-79c7895f6d27', '4.2', 'PENDAPATAN DAERAH', 'PENDAPATAN TRANSFER', NULL, 3464809730250, 3426899642148, 37910088102, '1', 'c760170f-f055-11ec-aceb-244bfebc253d', '2019', '2022-10-31 09:41:04', '2022-10-31 09:41:04'),
('553541df-15c7-434b-ba75-829912412588', '5.1.05', 'BELANJA', 'BELANJA OPERASI', 'Belanja Hibah', 1396221410359, 1292085893254, 104135517105, '7', 'c760170f-f055-11ec-aceb-244bfebc253d', '2019', '2022-10-31 09:41:04', '2022-10-31 09:41:04'),
('553d8e3d-4744-4dde-9a52-e7cca9c028fc', '5.4.01', 'BELANJA', 'BELANJA TRANSFER', 'Belanja Bagi Hasil', 696041354704, 757145246300, 61103891596, '9', 'c760170f-f055-11ec-aceb-244bfebc253d', '2019', '2022-10-31 09:41:04', '2022-10-31 09:41:04'),
('5561c40f-09a3-4c94-8635-33b0da91746b', '5.2.03', 'BELANJA', 'BELANJA MODAL', 'Belanja Modal Gedung dan Bangunan', 178594663157, 328734665445, 150140002288, '84', 'c760170f-f055-11ec-aceb-244bfebc253d', '2018', '2022-10-31 09:41:24', '2022-10-31 09:41:24'),
('598012b1-48e3-448c-99c3-27725ab6b21f', '4.1.01', 'PENDAPATAN DAERAH', 'PENDAPATAN ASLI DAERAH PAD', 'Pajak Daerah', 1487726538148, 1601353821001, 113627282853, '8', 'c760170f-f055-11ec-aceb-244bfebc253d', '2020', '2019-12-31 17:01:01', '2022-10-31 02:46:17'),
('598c39cc-15a9-4f4b-8c74-f8fc727cfe15', '4.2.01', 'PENDAPATAN DAERAH', 'PENDAPATAN TRANSFER', 'Pendapatan Transfer Pemerintah Pusat', 3463147644000, 3425156711263, 37990932737, '1', 'c760170f-f055-11ec-aceb-244bfebc253d', '2019', '2022-10-31 09:41:04', '2022-10-31 09:41:04'),
('5a01af01-9030-438a-984b-d3becd3456b9', '6.3', 'PEMBIAYAAN', 'PENGELUARAN PEMBIAYAAN', 'Sisa Lebih Pembiayaan Anggaran Daerah Tahun Berkenaan', 0, 0, 0, '1', 'c760170f-f055-11ec-aceb-244bfebc253d', '2022', '2022-10-31 09:28:13', '2022-10-31 09:28:13'),
('5a6194b1-384e-4006-aaaa-4ae40f9e3399', '5.1.03', 'BELANJA', 'BELANJA OPERASI', 'Belanja Bunga', 0, 5055850083, 5055850083, '1', 'c760170f-f055-11ec-aceb-244bfebc253d', '2018', '2022-10-31 09:41:24', '2022-10-31 09:41:24'),
('5aa8bd98-d009-47fa-b027-288c35cfcac1', '6.1.04', 'PEMBIAYAAN', 'PENERIMAAN PEMBIAYAAN', 'Penerimaan Pinjaman Daerah', 0, 525540000000, 525540000000, '1', 'c760170f-f055-11ec-aceb-244bfebc253d', '2020', '2019-12-31 17:01:01', '2022-10-31 02:46:17'),
('5c3e1510-1bb7-4952-a013-b48d07b476af', '6.1.04', 'PEMBIAYAAN', 'PENERIMAAN PEMBIAYAAN', 'Penerimaan Pinjaman Daerah', 0, 525540000000, 525540000000, '1', 'c760170f-f055-11ec-aceb-244bfebc253d', '2018', '2022-10-31 09:41:24', '2022-10-31 09:41:24'),
('5eef9c6f-039e-4e03-b12c-f15377f8e2e0', '5.3.01', 'BELANJA', 'BELANJA TIDAK TERDUGA', 'Belanja Tidak Terduga', 10000000000, 58606843539, 48606843539, '486', 'c760170f-f055-11ec-aceb-244bfebc253d', '2019', '2022-10-31 09:41:04', '2022-10-31 09:41:04'),
('5f975e86-931e-4696-8007-4d36012223c8', '4.3', 'PENDAPATAN DAERAH', 'LAIN-LAIN PENDAPATAN DAERAH YANG SAH', NULL, 54780903944, 54780903944, 0, '0', 'c760170f-f055-11ec-aceb-244bfebc253d', '2021', '2020-12-31 17:01:01', '2022-10-31 02:50:26'),
('5ff93042-af8f-4a99-9093-307abd0420f0', '6.2', 'PEMBIAYAAN', 'PENGELUARAN PEMBIAYAAN', NULL, 10000000000, 5000000000, 5000000000, '5', 'c760170f-f055-11ec-aceb-244bfebc253d', '2020', '2019-12-31 17:01:01', '2022-10-31 02:46:17'),
('60638211-248f-4927-b048-132fa7f75f75', '5.4', 'BELANJA', 'BELANJA TRANSFER', NULL, 696399442204, 758584178435, 62184736231, '9', 'c760170f-f055-11ec-aceb-244bfebc253d', '2018', '2022-10-31 09:41:24', '2022-10-31 09:41:24'),
('60d17041-8484-40af-91ea-f06c78905858', '4', 'PENDAPATAN DAERAH', NULL, NULL, 0, 0, 0, NULL, 'c760170f-f055-11ec-aceb-244bfebc253d', '2019', '2022-10-31 09:41:04', '2022-10-31 09:41:04'),
('632fb4a1-d5e3-4f2d-ab76-251aebc946f8', '5.1.01', 'BELANJA', 'BELANJA OPERASI', 'Belanja Pegawai', 1522993945344, 1541661320793, 18667375449, '1', 'c760170f-f055-11ec-aceb-244bfebc253d', '2018', '2022-10-31 09:41:24', '2022-10-31 09:41:24'),
('63a4b6d2-5cb0-4a3c-9d22-88496f43b04a', '6.1', 'PEMBIAYAAN', 'PENERIMAAN PEMBIAYAAN', NULL, 65000000000, 645352833596, 580352833596, '893', 'c760170f-f055-11ec-aceb-244bfebc253d', '2022', '2022-10-31 09:28:13', '2022-10-31 09:28:13'),
('66a8bec9-c6d8-4642-bcf0-555997144691', '6.3', 'PEMBIAYAAN', 'PENGELUARAN PEMBIAYAAN', 'Sisa Lebih Pembiayaan Anggaran Daerah Tahun Berkenaan', 0, 0, 0, '1', 'c760170f-f055-11ec-aceb-244bfebc253d', '2019', '2022-10-31 09:41:04', '2022-10-31 09:41:04'),
('674a8138-2a26-43c3-91a2-cea7338a0e06', '6.2.02', 'PEMBIAYAAN', 'PENGELUARAN PEMBIAYAAN', 'Penyertaan Modal Daerah', 10000000000, 5000000000, 5000000000, '5', 'c760170f-f055-11ec-aceb-244bfebc253d', '2019', '2022-10-31 09:41:04', '2022-10-31 09:41:04'),
('693a314b-6fca-481f-a050-80504a982e2f', '5.2.02', 'BELANJA', 'BELANJA MODAL', 'Belanja Modal Peralatan dan Mesin', 248501023243, 297885154129, 49384130886, '2', 'c760170f-f055-11ec-aceb-244bfebc253d', '2018', '2022-10-31 09:41:24', '2022-10-31 09:41:24'),
('69b260ea-96be-4558-90fd-8475818b33d2', '6.2', 'PEMBIAYAAN', 'PENGELUARAN PEMBIAYAAN', NULL, 10000000000, 5000000000, 5000000000, '5', 'c760170f-f055-11ec-aceb-244bfebc253d', '2018', '2022-10-31 09:41:24', '2022-10-31 09:41:24'),
('6c162ff8-a04e-487e-8e99-ef2595059811', '5.4.02', 'BELANJA', 'BELANJA TRANSFER', 'Belanja Bantuan Keuangan', 358087500, 1438932135, 1080844635, '302', 'c760170f-f055-11ec-aceb-244bfebc253d', '2019', '2022-10-31 09:41:04', '2022-10-31 09:41:04'),
('6c765d18-3ae2-4790-9e70-ffb6c520587d', '6.1.04', 'PEMBIAYAAN', 'PENERIMAAN PEMBIAYAAN', 'Penerimaan Pinjaman Daerah', 0, 525540000000, 525540000000, '1', 'c760170f-f055-11ec-aceb-244bfebc253d', '2021', '2020-12-31 17:01:01', '2022-10-31 02:50:26'),
('6f4699d0-45da-460d-a084-3b36683d7653', '6.2.02', 'PEMBIAYAAN', 'PENGELUARAN PEMBIAYAAN', 'Penyertaan Modal Daerah', 10000000000, 5000000000, 5000000000, '5', 'c760170f-f055-11ec-aceb-244bfebc253d', '2021', '2020-12-31 17:01:01', '2022-10-31 02:50:26'),
('700fe2b3-3182-4b15-a71c-373f36eeac69', '5.2.03', 'BELANJA', 'BELANJA MODAL', 'Belanja Modal Gedung dan Bangunan', 178594663157, 328734665445, 150140002288, '84', 'c760170f-f055-11ec-aceb-244bfebc253d', '2020', '2019-12-31 17:01:01', '2022-10-31 02:46:17'),
('71d62a6c-0d92-4aa5-a4fa-7138ee697530', '5.1.04', 'BELANJA', 'BELANJA OPERASI', 'Belanja Subsidi', 1631860720, 396275790, 1235584930, '76', 'c760170f-f055-11ec-aceb-244bfebc253d', '2022', '2022-10-31 09:28:13', '2022-10-31 09:28:13'),
('72ae511e-094f-47ed-8cc4-528208150b9c', '4.3.01', 'PENDAPATAN DAERAH', 'LAIN-LAIN PENDAPATAN DAERAH YANG SAH', 'Pendapatan Hibah', 54780903944, 54780903944, 0, '0', 'c760170f-f055-11ec-aceb-244bfebc253d', '2019', '2022-10-31 09:41:04', '2022-10-31 09:41:04'),
('741d800e-fe30-437b-8e6d-ebe03311085a', '4.2.01', 'PENDAPATAN DAERAH', 'PENDAPATAN TRANSFER', 'Pendapatan Transfer Pemerintah Pusat', 3463147644000, 3425156711263, 37990932737, '1', 'c760170f-f055-11ec-aceb-244bfebc253d', '2018', '2022-10-31 09:41:24', '2022-10-31 09:41:24'),
('77885e26-0653-4d59-b0f7-f11617476f41', '5.2.01', 'BELANJA', 'BELANJA MODAL', 'Belanja Modal Tanah', 1050000000, 1500000000, 450000000, '43', 'c760170f-f055-11ec-aceb-244bfebc253d', '2019', '2022-10-31 09:41:04', '2022-10-31 09:41:04'),
('77afc65a-05e5-44e6-bf3b-1b0830647687', '5.4', 'BELANJA', 'BELANJA TRANSFER', NULL, 696399442204, 758584178435, 62184736231, '9', 'c760170f-f055-11ec-aceb-244bfebc253d', '2020', '2019-12-31 17:01:01', '2022-10-31 02:46:17'),
('77e0c9ac-ca36-4c81-9331-93ae21abaa6e', '5.2.04', 'BELANJA', 'BELANJA MODAL', 'Belanja Modal Jalan, Jaringan, dan Irigasi', 324096128688, 598292035320, 274195906632, '85', 'c760170f-f055-11ec-aceb-244bfebc253d', '2021', '2020-12-31 17:01:01', '2022-10-31 02:50:26'),
('78f52f03-a840-4ea2-9069-ed03ae3e64ca', '4', 'PENDAPATAN DAERAH', NULL, NULL, 0, 0, 0, NULL, 'c760170f-f055-11ec-aceb-244bfebc253d', '2021', '2020-12-31 17:01:01', '2022-10-31 02:50:25'),
('79254857-ba6a-4fbc-bbaf-0593b800b6d9', '4.1.03', 'PENDAPATAN DAERAH', 'PENDAPATAN ASLI DAERAH PAD', 'Hasil Pengelolaan Kekayaan Daerah yang Dipisahkan', 64104210166, 46263633123, 17840577043, '28', 'c760170f-f055-11ec-aceb-244bfebc253d', '2019', '2022-10-31 09:41:04', '2022-10-31 09:41:04'),
('7c1eac57-b11e-499b-bd93-da8227db5c91', '4.1.03', 'PENDAPATAN DAERAH', 'PENDAPATAN ASLI DAERAH PAD', 'Hasil Pengelolaan Kekayaan Daerah yang Dipisahkan', 64104210166, 46263633123, 17840577043, '28', 'c760170f-f055-11ec-aceb-244bfebc253d', '2020', '2019-12-31 17:01:01', '2022-10-31 02:46:17'),
('80c78f03-3733-4fc6-a2f8-78bd3fa71c86', '5.1.01', 'BELANJA', 'BELANJA OPERASI', 'Belanja Pegawai', 1522993945344, 1541661320793, 18667375449, '1', 'c760170f-f055-11ec-aceb-244bfebc253d', '2019', '2022-10-31 09:41:04', '2022-10-31 09:41:04'),
('811bad5c-28db-419a-a704-f442d989940e', '4.2.02', 'PENDAPATAN DAERAH', 'PENDAPATAN TRANSFER', 'Pendapatan Transfer Antar Daerah', 1662086250, 1742930885, 80844635, '5', 'c760170f-f055-11ec-aceb-244bfebc253d', '2022', '2022-10-31 09:28:13', '2022-10-31 09:28:13'),
('818772a2-82f4-4f60-942f-60a3423cb250', '5.1.05', 'BELANJA', 'BELANJA OPERASI', 'Belanja Hibah', 1396221410359, 1292085893254, 104135517105, '7', 'c760170f-f055-11ec-aceb-244bfebc253d', '2020', '2019-12-31 17:01:01', '2022-10-31 02:46:17'),
('82244548-bba2-4204-bce9-ae7871ed2e6c', '5.4.01', 'BELANJA', 'BELANJA TRANSFER', 'Belanja Bagi Hasil', 696041354704, 757145246300, 61103891596, '9', 'c760170f-f055-11ec-aceb-244bfebc253d', '2018', '2022-10-31 09:41:24', '2022-10-31 09:41:24'),
('83262599-65cd-4c0e-afff-6ef91922fa92', '4.3', 'PENDAPATAN DAERAH', 'LAIN-LAIN PENDAPATAN DAERAH YANG SAH', NULL, 54780903944, 54780903944, 0, '0', 'c760170f-f055-11ec-aceb-244bfebc253d', '2020', '2019-12-31 17:01:01', '2022-10-31 02:46:17'),
('84902580-e3f9-420d-98ca-62ce85f981b9', '5.1.06', 'BELANJA', 'BELANJA OPERASI', 'Belanja Bantuan Sosial', 8921876600, 8649276600, 272600000, '3', 'c760170f-f055-11ec-aceb-244bfebc253d', '2022', '2022-10-31 09:28:13', '2022-10-31 09:28:13'),
('865232ba-ead8-44ac-beaa-abc1ea22af95', '5.1.02', 'BELANJA', 'BELANJA OPERASI', 'Belanja Barang dan Jasa', 1118701905618, 1467449698641, 348747793023, '31', 'c760170f-f055-11ec-aceb-244bfebc253d', '2018', '2022-10-31 09:41:24', '2022-10-31 09:41:24'),
('8727489f-cbea-4b17-b422-f4acd95a361d', '5.1.02', 'BELANJA', 'BELANJA OPERASI', 'Belanja Barang dan Jasa', 1118701905618, 1467449698641, 348747793023, '31', 'c760170f-f055-11ec-aceb-244bfebc253d', '2019', '2022-10-31 09:41:04', '2022-10-31 09:41:04'),
('8df46fb4-6e34-4d54-a44a-c62bca3cadf5', '5.1.02', 'BELANJA', 'BELANJA OPERASI', 'Belanja Barang dan Jasa', 1118701905618, 1467449698641, 348747793023, '31', 'c760170f-f055-11ec-aceb-244bfebc253d', '2021', '2020-12-31 17:01:01', '2022-10-31 02:50:26'),
('8e191d7d-7110-412a-beaf-467d01ecfd82', '6.1.01', 'PEMBIAYAAN', 'PENERIMAAN PEMBIAYAAN', 'Sisa Lebih Perhitungan Anggaran Tahun Sebelumnya', 65000000000, 119812833596, 54812833596, '84', 'c760170f-f055-11ec-aceb-244bfebc253d', '2021', '2020-12-31 17:01:01', '2022-10-31 02:50:26'),
('90cfa1fd-ac85-467d-83b7-dda589bc4510', '6.1.01', 'PEMBIAYAAN', 'PENERIMAAN PEMBIAYAAN', 'Sisa Lebih Perhitungan Anggaran Tahun Sebelumnya', 65000000000, 119812833596, 54812833596, '84', 'c760170f-f055-11ec-aceb-244bfebc253d', '2020', '2019-12-31 17:01:01', '2022-10-31 02:46:17'),
('9409b04e-b38b-47b5-96ef-5dc05c48cb3c', '4.1', 'PENDAPATAN DAERAH', 'PENDAPATAN ASLI DAERAH PAD', NULL, 1954341221233, 2258283418223, 303942196990, '16', 'c760170f-f055-11ec-aceb-244bfebc253d', '2018', '2022-10-31 09:41:24', '2022-10-31 09:41:24'),
('96b13055-df97-417a-87b6-22c8fca92587', '5.4.02', 'BELANJA', 'BELANJA TRANSFER', 'Belanja Bantuan Keuangan', 358087500, 1438932135, 1080844635, '302', 'c760170f-f055-11ec-aceb-244bfebc253d', '2021', '2020-12-31 17:01:01', '2022-10-31 02:50:26'),
('97461590-c531-4980-bc95-d75513505b05', '4.2', 'PENDAPATAN DAERAH', 'PENDAPATAN TRANSFER', NULL, 3464809730250, 3426899642148, 37910088102, '1', 'c760170f-f055-11ec-aceb-244bfebc253d', '2018', '2022-10-31 09:41:24', '2022-10-31 09:41:24'),
('97585366-6d63-4390-bb66-065df7e46c09', '4.3', 'PENDAPATAN DAERAH', 'LAIN-LAIN PENDAPATAN DAERAH YANG SAH', NULL, 54780903944, 54780903944, 0, '0', 'c760170f-f055-11ec-aceb-244bfebc253d', '2022', '2022-10-31 09:28:13', '2022-10-31 09:28:13'),
('97ca8ccf-03d4-430f-92e8-cb47198a3ebf', '4.3.01', 'PENDAPATAN DAERAH', 'LAIN-LAIN PENDAPATAN DAERAH YANG SAH', 'Pendapatan Hibah', 54780903944, 54780903944, 0, '0', 'c760170f-f055-11ec-aceb-244bfebc253d', '2021', '2020-12-31 17:01:01', '2022-10-31 02:50:26'),
('99a160cf-d774-4210-82ef-2d541aba8668', '4.1', 'PENDAPATAN DAERAH', 'PENDAPATAN ASLI DAERAH PAD', NULL, 1954341221233, 225828341822321, 303942196990, '16', 'c760170f-f055-11ec-aceb-244bfebc253d', '2021', '2020-12-31 17:01:01', '2022-10-31 02:50:25'),
('99c07747-2280-446f-a734-050b34cff0ab', '5.1', 'BELANJA', 'BELANJA OPERASI', NULL, 4048470998641, 4315298315161, 266827316520, '7', 'c760170f-f055-11ec-aceb-244bfebc253d', '2019', '2022-10-31 09:41:04', '2022-10-31 09:41:04'),
('9a7e2f0a-e7f6-424f-8955-631c77959ed8', '5.2.03', 'BELANJA', 'BELANJA MODAL', 'Belanja Modal Gedung dan Bangunan', 178594663157, 328734665445, 150140002288, '84', 'c760170f-f055-11ec-aceb-244bfebc253d', '2019', '2022-10-31 09:41:04', '2022-10-31 09:41:04'),
('9c3fd5ba-c14d-4a1c-85f1-2446feb517ab', '5.1.05', 'BELANJA', 'BELANJA OPERASI', 'Belanja Hibah', 1396221410359, 1292085893254, 104135517105, '7', 'c760170f-f055-11ec-aceb-244bfebc253d', '2018', '2022-10-31 09:41:24', '2022-10-31 09:41:24'),
('9c5982ec-4dd3-4638-b333-a55c2d9f7c4a', '6.1', 'PEMBIAYAAN', 'PENERIMAAN PEMBIAYAAN', NULL, 65000000000, 645352833596, 580352833596, '893', 'c760170f-f055-11ec-aceb-244bfebc253d', '2018', '2022-10-31 09:41:24', '2022-10-31 09:41:24'),
('9d1cd057-b2e8-4773-93dd-5fe180200242', '5.2.05', 'BELANJA', 'BELANJA MODAL', 'Belanja Modal Aset Tetap Lainnya', 21759599494, 21415605882, 343993612, '2', 'c760170f-f055-11ec-aceb-244bfebc253d', '2022', '2022-10-31 09:28:13', '2022-10-31 09:28:13'),
('9d482134-f52d-497d-80fc-c1c126f505e4', '6.1.04', 'PEMBIAYAAN', 'PENERIMAAN PEMBIAYAAN', 'Penerimaan Pinjaman Daerah', 0, 525540000000, 525540000000, '1', 'c760170f-f055-11ec-aceb-244bfebc253d', '2022', '2022-10-31 09:28:13', '2022-10-31 09:28:13'),
('9f866409-8ad5-4d83-8849-6bfc09f522c1', '4', 'PENDAPATAN DAERAH', NULL, NULL, 0, 0, 0, NULL, 'c760170f-f055-11ec-aceb-244bfebc253d', '2020', '2019-12-31 17:01:01', '2022-10-31 02:46:17'),
('9fb3f883-06c0-486b-9370-f09a248bd7b0', '4.1.02', 'PENDAPATAN DAERAH', 'PENDAPATAN ASLI DAERAH PAD', 'Retribusi Daerah', 47219957500, 47219957500, 0, '0', 'c760170f-f055-11ec-aceb-244bfebc253d', '2020', '2019-12-31 17:01:01', '2022-10-31 02:46:17'),
('a05697c5-ec5f-43a6-9ee3-6c03ae566f11', '4.1.03', 'PENDAPATAN DAERAH', 'PENDAPATAN ASLI DAERAH PAD', 'Hasil Pengelolaan Kekayaan Daerah yang Dipisahkan', 64104210166, 46263633123, 17840577043, '28', 'c760170f-f055-11ec-aceb-244bfebc253d', '2021', '2020-12-31 17:01:01', '2022-10-31 02:50:25'),
('a05de916-55e7-4373-acdf-e7291700a687', '4.1', 'PENDAPATAN DAERAH', 'PENDAPATAN ASLI DAERAH PAD', NULL, 1954341221233, 225828341822320, 303942196991, '16', 'c760170f-f055-11ec-aceb-244bfebc253d', '2020', '2019-12-31 17:01:01', '2022-10-31 02:46:17'),
('a3c62dc1-7dac-493d-ba0f-1216c65dd140', '5.3', 'BELANJA', 'BELANJA TIDAK TERDUGA', NULL, 10000000000, 58606843539, 48606843539, '486', 'c760170f-f055-11ec-aceb-244bfebc253d', '2022', '2022-10-31 09:28:13', '2022-10-31 09:28:13'),
('a6c96827-3de4-4e66-bac5-ff2902965994', '5.2.04', 'BELANJA', 'BELANJA MODAL', 'Belanja Modal Jalan, Jaringan, dan Irigasi', 324096128688, 598292035320, 274195906632, '85', 'c760170f-f055-11ec-aceb-244bfebc253d', '2019', '2022-10-31 09:41:04', '2022-10-31 09:41:04'),
('a7499978-8735-4bbe-ac56-bd3355295ad2', '6.1', 'PEMBIAYAAN', 'PENERIMAAN PEMBIAYAAN', NULL, 65000000000, 645352833596, 580352833596, '893', 'c760170f-f055-11ec-aceb-244bfebc253d', '2020', '2019-12-31 17:01:01', '2022-10-31 02:46:17'),
('aa0a53b2-3ed2-4349-a02f-eb22395fae20', '5.3.01', 'BELANJA', 'BELANJA TIDAK TERDUGA', 'Belanja Tidak Terduga', 10000000000, 58606843539, 48606843539, '486', 'c760170f-f055-11ec-aceb-244bfebc253d', '2020', '2019-12-31 17:01:01', '2022-10-31 02:46:17'),
('ab1a8cdd-c124-46bc-99cd-222de794b33c', '5.2.05', 'BELANJA', 'BELANJA MODAL', 'Belanja Modal Aset Tetap Lainnya', 21759599494, 21415605882, 343993612, '2', 'c760170f-f055-11ec-aceb-244bfebc253d', '2019', '2022-10-31 09:41:04', '2022-10-31 09:41:04'),
('abf9155a-1ecd-441d-acca-1ca95c93f473', '5.1.02', 'BELANJA', 'BELANJA OPERASI', 'Belanja Barang dan Jasa', 1118701905618, 1467449698641, 348747793023, '31', 'c760170f-f055-11ec-aceb-244bfebc253d', '2020', '2019-12-31 17:01:01', '2022-10-31 02:46:17'),
('acb10aa4-3d26-4739-a53b-675632796a87', '6.1.01', 'PEMBIAYAAN', 'PENERIMAAN PEMBIAYAAN', 'Sisa Lebih Perhitungan Anggaran Tahun Sebelumnya', 65000000000, 119812833596, 54812833596, '84', 'c760170f-f055-11ec-aceb-244bfebc253d', '2019', '2022-10-31 09:41:04', '2022-10-31 09:41:04'),
('ad3ae60c-1593-4bdf-b434-67085a32b167', '5.1.03', 'BELANJA', 'BELANJA OPERASI', 'Belanja Bunga', 0, 5055850083, 5055850083, '1', 'c760170f-f055-11ec-aceb-244bfebc253d', '2022', '2022-10-31 09:28:13', '2022-10-31 09:28:13'),
('ae52816e-4d05-443c-9241-e72b34a9d731', '4.3', 'PENDAPATAN DAERAH', 'LAIN-LAIN PENDAPATAN DAERAH YANG SAH', NULL, 54780903944, 54780903944, 0, '0', 'c760170f-f055-11ec-aceb-244bfebc253d', '2019', '2022-10-31 09:41:04', '2022-10-31 09:41:04'),
('b170b298-936d-4094-a351-a9ff7a2bb7ef', '4.1.03', 'PENDAPATAN DAERAH', 'PENDAPATAN ASLI DAERAH PAD', 'Hasil Pengelolaan Kekayaan Daerah yang Dipisahkan', 64104210166, 46263633123, 17840577043, '28', 'c760170f-f055-11ec-aceb-244bfebc253d', '2022', '2022-10-31 09:28:13', '2022-10-31 09:28:13'),
('b482bdfb-314c-4c8a-90e4-d19caad93a04', '5.1.02', 'BELANJA', 'BELANJA OPERASI', 'Belanja Barang dan Jasa', 1118701905618, 1467449698641, 348747793023, '31', 'c760170f-f055-11ec-aceb-244bfebc253d', '2022', '2022-10-31 09:28:13', '2022-10-31 09:28:13'),
('b66cc157-51b5-42e1-9d7d-7924c125e88e', '6.3', 'PEMBIAYAAN', 'PENGELUARAN PEMBIAYAAN', 'Sisa Lebih Pembiayaan Anggaran Daerah Tahun Berkenaan', 0, 0, 0, '1', 'c760170f-f055-11ec-aceb-244bfebc253d', '2021', '2020-12-31 17:01:01', '2022-10-31 02:50:26'),
('b6743724-eb65-4de5-8d39-cd31a0e69130', '6', 'PEMBIAYAAN', NULL, NULL, 0, 0, 0, NULL, 'c760170f-f055-11ec-aceb-244bfebc253d', '2021', '2020-12-31 17:01:01', '2022-10-31 02:50:26'),
('b6adcfe0-7911-4d6c-bb76-0beafda57eff', '4.2.02', 'PENDAPATAN DAERAH', 'PENDAPATAN TRANSFER', 'Pendapatan Transfer Antar Daerah', 1662086250, 1742930885, 80844635, '5', 'c760170f-f055-11ec-aceb-244bfebc253d', '2018', '2022-10-31 09:41:24', '2022-10-31 09:41:24'),
('b7f45478-933e-436f-a76a-6ea8f34c389a', '5.1.06', 'BELANJA', 'BELANJA OPERASI', 'Belanja Bantuan Sosial', 8921876600, 8649276600, 272600000, '3', 'c760170f-f055-11ec-aceb-244bfebc253d', '2019', '2022-10-31 09:41:04', '2022-10-31 09:41:04'),
('ba7e003f-d0eb-4d7d-b763-6bbd7798f500', '6.1.04', 'PEMBIAYAAN', 'PENERIMAAN PEMBIAYAAN', 'Penerimaan Pinjaman Daerah', 0, 525540000000, 525540000000, '1', 'c760170f-f055-11ec-aceb-244bfebc253d', '2019', '2022-10-31 09:41:04', '2022-10-31 09:41:04'),
('bc5ad57e-7b05-430d-bd48-50f03ee5fb27', '6.2.02', 'PEMBIAYAAN', 'PENGELUARAN PEMBIAYAAN', 'Penyertaan Modal Daerah', 10000000000, 5000000000, 5000000000, '5', 'c760170f-f055-11ec-aceb-244bfebc253d', '2022', '2022-10-31 09:28:13', '2022-10-31 09:28:13'),
('bc6d909b-4f84-4bae-9da5-73a30aa86ad1', '4.2.01', 'PENDAPATAN DAERAH', 'PENDAPATAN TRANSFER', 'Pendapatan Transfer Pemerintah Pusat', 3463147644000, 3425156711263, 37990932737, '1', 'c760170f-f055-11ec-aceb-244bfebc253d', '2020', '2019-12-31 17:01:01', '2022-10-31 02:46:17'),
('bdc5dd0a-e91b-4ac5-81d2-0015562990c0', '5.1.03', 'BELANJA', 'BELANJA OPERASI', 'Belanja Bunga', 0, 5055850083, 5055850083, '1', 'c760170f-f055-11ec-aceb-244bfebc253d', '2020', '2019-12-31 17:01:01', '2022-10-31 02:46:17'),
('bf4ff624-091c-46c9-ab9b-3ca78b58f2cb', '4.1.04', 'PENDAPATAN DAERAH', 'PENDAPATAN ASLI DAERAH PAD', 'Lain-lain PAD yang Sah', 355290515419, 563446006600, 208155491181, '59', 'c760170f-f055-11ec-aceb-244bfebc253d', '2019', '2022-10-31 09:41:04', '2022-10-31 09:41:04'),
('bfc693d4-c86e-4435-90db-47ba41d65f29', '5', 'BELANJA', NULL, NULL, 0, 0, 0, NULL, 'c760170f-f055-11ec-aceb-244bfebc253d', '2022', '2022-10-31 09:28:13', '2022-10-31 09:28:13'),
('c04269a7-56c6-4308-a565-92293431c4b4', '4.1.02', 'PENDAPATAN DAERAH', 'PENDAPATAN ASLI DAERAH PAD', 'Retribusi Daerah', 47219957500, 47219957500, 0, '0', 'c760170f-f055-11ec-aceb-244bfebc253d', '2019', '2022-10-31 09:41:04', '2022-10-31 09:41:04'),
('c57a9749-8595-48bb-a860-8332427fe76b', '5.1.01', 'BELANJA', 'BELANJA OPERASI', 'Belanja Pegawai', 1522993945344, 1541661320793, 18667375449, '1', 'c760170f-f055-11ec-aceb-244bfebc253d', '2020', '2019-12-31 17:01:01', '2022-10-31 02:46:17'),
('c8584ad2-037a-466d-999b-ab6665dd7df2', '5.2.04', 'BELANJA', 'BELANJA MODAL', 'Belanja Modal Jalan, Jaringan, dan Irigasi', 324096128688, 598292035320, 274195906632, '85', 'c760170f-f055-11ec-aceb-244bfebc253d', '2022', '2022-10-31 09:28:13', '2022-10-31 09:28:13'),
('c865f861-67c3-4892-bfd2-41b76b9946df', '4.3.01', 'PENDAPATAN DAERAH', 'LAIN-LAIN PENDAPATAN DAERAH YANG SAH', 'Pendapatan Hibah', 54780903944, 54780903944, 0, '0', 'c760170f-f055-11ec-aceb-244bfebc253d', '2022', '2022-10-31 09:28:13', '2022-10-31 09:28:13'),
('cd22da98-f8cc-4759-a73a-e7e67ef0fff6', '5.1.05', 'BELANJA', 'BELANJA OPERASI', 'Belanja Hibah', 1396221410359, 1292085893254, 104135517105, '7', 'c760170f-f055-11ec-aceb-244bfebc253d', '2021', '2020-12-31 17:01:01', '2022-10-31 02:50:26'),
('cdd931bb-e675-403d-9b97-ca967d387154', '4.3.01', 'PENDAPATAN DAERAH', 'LAIN-LAIN PENDAPATAN DAERAH YANG SAH', 'Pendapatan Hibah', 54780903944, 54780903944, 0, '0', 'c760170f-f055-11ec-aceb-244bfebc253d', '2018', '2022-10-31 09:41:24', '2022-10-31 09:41:24'),
('ce80affb-e586-46cb-908a-d488963109cf', '6.2', 'PEMBIAYAAN', 'PENGELUARAN PEMBIAYAAN', NULL, 10000000000, 5000000000, 5000000000, '5', 'c760170f-f055-11ec-aceb-244bfebc253d', '2022', '2022-10-31 09:28:13', '2022-10-31 09:28:13'),
('cf962421-ab24-47f9-ba65-c1eef1b9ca5f', '5.2.05', 'BELANJA', 'BELANJA MODAL', 'Belanja Modal Aset Tetap Lainnya', 21759599494, 21415605882, 343993612, '2', 'c760170f-f055-11ec-aceb-244bfebc253d', '2021', '2020-12-31 17:01:01', '2022-10-31 02:50:26'),
('d31f85ee-e263-4956-8432-32ea8a0522f5', '5', 'BELANJA', NULL, NULL, 0, 0, 0, NULL, 'c760170f-f055-11ec-aceb-244bfebc253d', '2018', '2022-10-31 09:41:24', '2022-10-31 09:41:24'),
('d3e63362-a6d8-45c3-85da-1378a9931001', '5.2.02', 'BELANJA', 'BELANJA MODAL', 'Belanja Modal Peralatan dan Mesin', 248501023243, 297885154129, 49384130886, '2', 'c760170f-f055-11ec-aceb-244bfebc253d', '2022', '2022-10-31 09:28:13', '2022-10-31 09:28:13'),
('d406c01a-ad96-43df-84fd-b7925024dd15', '4', 'PENDAPATAN DAERAH', NULL, NULL, 0, 0, 0, NULL, 'c760170f-f055-11ec-aceb-244bfebc253d', '2022', '2022-10-31 09:28:13', '2022-10-31 09:28:13'),
('d4411aed-5bac-4445-b654-6a979b769c6a', '4', 'PENDAPATAN DAERAH', NULL, NULL, 0, 0, 0, NULL, 'c760170f-f055-11ec-aceb-244bfebc253d', '2018', '2022-10-31 09:41:24', '2022-10-31 09:41:24'),
('d62f0c7c-7cd0-4828-b92d-0fb175e391a9', '5.2', 'BELANJA', 'BELANJA MODAL', NULL, 774061414582, 1247827460776, 473766046194, '61', 'c760170f-f055-11ec-aceb-244bfebc253d', '2022', '2022-10-31 09:28:13', '2022-10-31 09:28:13'),
('d7821520-c69d-4b04-b3cc-1481479eb63a', '6.2', 'PEMBIAYAAN', 'PENGELUARAN PEMBIAYAAN', NULL, 10000000000, 5000000000, 5000000000, '5', 'c760170f-f055-11ec-aceb-244bfebc253d', '2021', '2020-12-31 17:01:01', '2022-10-31 02:50:26'),
('d789629d-02f7-4120-99c8-aa7bc4acd3a4', '5.1.04', 'BELANJA', 'BELANJA OPERASI', 'Belanja Subsidi', 1631860720, 396275790, 1235584930, '76', 'c760170f-f055-11ec-aceb-244bfebc253d', '2019', '2022-10-31 09:41:04', '2022-10-31 09:41:04'),
('d871364a-db4b-4331-ba57-5ed4e6a3e289', '4.1.04', 'PENDAPATAN DAERAH', 'PENDAPATAN ASLI DAERAH PAD', 'Lain-lain PAD yang Sah', 355290515419, 563446006600, 208155491181, '59', 'c760170f-f055-11ec-aceb-244bfebc253d', '2020', '2019-12-31 17:01:01', '2022-10-31 02:46:17'),
('da325cca-c7f7-4ecc-a9eb-4caa60f65638', '4.3', 'PENDAPATAN DAERAH', 'LAIN-LAIN PENDAPATAN DAERAH YANG SAH', NULL, 54780903944, 54780903944, 0, '0', 'c760170f-f055-11ec-aceb-244bfebc253d', '2018', '2022-10-31 09:41:24', '2022-10-31 09:41:24'),
('db9783e7-e680-4fc9-910b-82223f0872bd', '6.1.01', 'PEMBIAYAAN', 'PENERIMAAN PEMBIAYAAN', 'Sisa Lebih Perhitungan Anggaran Tahun Sebelumnya', 65000000000, 119812833596, 54812833596, '84', 'c760170f-f055-11ec-aceb-244bfebc253d', '2022', '2022-10-31 09:28:13', '2022-10-31 09:28:13'),
('dd9c9efe-206a-46b1-86ec-c11e4bc02f9f', '5.2.01', 'BELANJA', 'BELANJA MODAL', 'Belanja Modal Tanah', 1050000000, 1500000000, 450000000, '43', 'c760170f-f055-11ec-aceb-244bfebc253d', '2022', '2022-10-31 09:28:13', '2022-10-31 09:28:13'),
('e000e540-4b2d-4189-a2af-dc2eed5b9427', '6.1', 'PEMBIAYAAN', 'PENERIMAAN PEMBIAYAAN', NULL, 65000000000, 645352833596, 580352833596, '893', 'c760170f-f055-11ec-aceb-244bfebc253d', '2019', '2022-10-31 09:41:04', '2022-10-31 09:41:04'),
('e2576d21-0c9b-44a4-b135-4048e53ac32a', '5.2.02', 'BELANJA', 'BELANJA MODAL', 'Belanja Modal Peralatan dan Mesin', 248501023243, 297885154129, 49384130886, '2', 'c760170f-f055-11ec-aceb-244bfebc253d', '2020', '2019-12-31 17:01:01', '2022-10-31 02:46:17'),
('e481c942-bbcc-43a7-9077-2b2667df026d', '4.2.02', 'PENDAPATAN DAERAH', 'PENDAPATAN TRANSFER', 'Pendapatan Transfer Antar Daerah', 1662086250, 1742930885, 80844635, '5', 'c760170f-f055-11ec-aceb-244bfebc253d', '2021', '2020-12-31 17:01:01', '2022-10-31 02:50:25'),
('e95dd6c1-ac51-4b9c-a503-79e05084a919', '5.1.06', 'BELANJA', 'BELANJA OPERASI', 'Belanja Bantuan Sosial', 8921876600, 8649276600, 272600000, '3', 'c760170f-f055-11ec-aceb-244bfebc253d', '2018', '2022-10-31 09:41:24', '2022-10-31 09:41:24'),
('e9b51189-40b0-4668-9377-a077edff9985', '5', 'BELANJA', NULL, NULL, 0, 0, 0, NULL, 'c760170f-f055-11ec-aceb-244bfebc253d', '2020', '2019-12-31 17:01:01', '2022-10-31 02:46:17'),
('ea495a36-c26d-4229-9c9a-2b72e03ad7eb', '4.2.01', 'PENDAPATAN DAERAH', 'PENDAPATAN TRANSFER', 'Pendapatan Transfer Pemerintah Pusat', 3463147644000, 3425156711263, 37990932737, '1', 'c760170f-f055-11ec-aceb-244bfebc253d', '2021', '2020-12-31 17:01:01', '2022-10-31 02:50:25'),
('ebef8d22-f689-4c51-9e47-afac52c4d8be', '5.4.01', 'BELANJA', 'BELANJA TRANSFER', 'Belanja Bagi Hasil', 696041354704, 757145246300, 61103891596, '9', 'c760170f-f055-11ec-aceb-244bfebc253d', '2020', '2019-12-31 17:01:01', '2022-10-31 02:46:17'),
('eeac18c5-97e9-45ed-98c2-50925f32492d', '6', 'PEMBIAYAAN', NULL, NULL, 0, 0, 0, NULL, 'c760170f-f055-11ec-aceb-244bfebc253d', '2022', '2022-10-31 09:28:13', '2022-10-31 09:28:13'),
('ef74e6a5-eaac-493c-b691-d1215847b533', '5.1.04', 'BELANJA', 'BELANJA OPERASI', 'Belanja Subsidi', 1631860720, 396275790, 1235584930, '76', 'c760170f-f055-11ec-aceb-244bfebc253d', '2021', '2020-12-31 17:01:01', '2022-10-31 02:50:26'),
('f0d8c130-38e0-4795-a231-ed1fb8fb8089', '5.2.05', 'BELANJA', 'BELANJA MODAL', 'Belanja Modal Aset Tetap Lainnya', 21759599494, 21415605882, 343993612, '2', 'c760170f-f055-11ec-aceb-244bfebc253d', '2018', '2022-10-31 09:41:24', '2022-10-31 09:41:24'),
('f1655854-37d1-43d3-b2e6-c73b03212f65', '5.1.03', 'BELANJA', 'BELANJA OPERASI', 'Belanja Bunga', 0, 5055850083, 5055850083, '1', 'c760170f-f055-11ec-aceb-244bfebc253d', '2019', '2022-10-31 09:41:04', '2022-10-31 09:41:04'),
('f1a6df62-6623-42d9-9ac5-560ea4a4d32c', '4.1', 'PENDAPATAN DAERAH', 'PENDAPATAN ASLI DAERAH PAD', NULL, 1954341221233, 225828341822322, 303942196992, '16', 'c760170f-f055-11ec-aceb-244bfebc253d', '2022', '2022-10-31 09:28:13', '2022-10-31 09:28:13'),
('f2c2cf75-164c-4615-989d-8e80eda3e57e', '5.2.04', 'BELANJA', 'BELANJA MODAL', 'Belanja Modal Jalan, Jaringan, dan Irigasi', 324096128688, 598292035320, 274195906632, '85', 'c760170f-f055-11ec-aceb-244bfebc253d', '2018', '2022-10-31 09:41:24', '2022-10-31 09:41:24'),
('f32db720-829b-4d58-8276-abb052e39bd8', '5.3.01', 'BELANJA', 'BELANJA TIDAK TERDUGA', 'Belanja Tidak Terduga', 10000000000, 58606843539, 48606843539, '486', 'c760170f-f055-11ec-aceb-244bfebc253d', '2022', '2022-10-31 09:28:13', '2022-10-31 09:28:13'),
('f407b7a3-ac14-4ce5-be0d-670d0cfc50e5', '5.3', 'BELANJA', 'BELANJA TIDAK TERDUGA', NULL, 10000000000, 58606843539, 48606843539, '486', 'c760170f-f055-11ec-aceb-244bfebc253d', '2020', '2019-12-31 17:01:01', '2022-10-31 02:46:17'),
('f4847bcf-1148-499c-9d1f-07a6fe8c8a12', '5.1', 'BELANJA', 'BELANJA OPERASI', NULL, 4048470998641, 4315298315161, 266827316520, '7', 'c760170f-f055-11ec-aceb-244bfebc253d', '2022', '2022-10-31 09:28:13', '2022-10-31 09:28:13'),
('f8db76b7-923e-415f-9d57-c40884253d39', '5.4', 'BELANJA', 'BELANJA TRANSFER', NULL, 696399442204, 758584178435, 62184736231, '9', 'c760170f-f055-11ec-aceb-244bfebc253d', '2022', '2022-10-31 09:28:13', '2022-10-31 09:28:13'),
('f9d7adb1-3148-4d6f-afa8-99212285dd0f', '5.2.03', 'BELANJA', 'BELANJA MODAL', 'Belanja Modal Gedung dan Bangunan', 178594663157, 328734665445, 150140002288, '84', 'c760170f-f055-11ec-aceb-244bfebc253d', '2022', '2022-10-31 09:28:13', '2022-10-31 09:28:13'),
('fb741bcc-2fa1-4547-9bb8-458bd95620ca', '5.1.04', 'BELANJA', 'BELANJA OPERASI', 'Belanja Subsidi', 1631860720, 396275790, 1235584930, '76', 'c760170f-f055-11ec-aceb-244bfebc253d', '2020', '2019-12-31 17:01:01', '2022-10-31 02:46:17'),
('fcbacdfc-e2e9-42a2-9e2a-294e7e13d6bb', '5.4.01', 'BELANJA', 'BELANJA TRANSFER', 'Belanja Bagi Hasil', 696041354704, 757145246300, 61103891596, '9', 'c760170f-f055-11ec-aceb-244bfebc253d', '2021', '2020-12-31 17:01:01', '2022-10-31 02:50:26'),
('fd6fc523-7050-40f7-9156-7162757bdf58', '4.1.02', 'PENDAPATAN DAERAH', 'PENDAPATAN ASLI DAERAH PAD', 'Retribusi Daerah', 47219957500, 47219957500, 0, '0', 'c760170f-f055-11ec-aceb-244bfebc253d', '2018', '2022-10-31 09:41:24', '2022-10-31 09:41:24'),
('feace458-adcd-41e9-9f4c-95e3117b0d97', '5.2.02', 'BELANJA', 'BELANJA MODAL', 'Belanja Modal Peralatan dan Mesin', 248501023243, 297885154129, 49384130886, '2', 'c760170f-f055-11ec-aceb-244bfebc253d', '2019', '2022-10-31 09:41:04', '2022-10-31 09:41:04'),
('fec31b05-e1d1-42f7-b981-5d2fe9754893', '4.1.02', 'PENDAPATAN DAERAH', 'PENDAPATAN ASLI DAERAH PAD', 'Retribusi Daerah', 47219957500, 47219957500, 0, '0', 'c760170f-f055-11ec-aceb-244bfebc253d', '2021', '2020-12-31 17:01:01', '2022-10-31 02:50:25');

-- --------------------------------------------------------

--
-- Struktur dari tabel `divisi`
--

CREATE TABLE `divisi` (
  `id` varchar(40) COLLATE utf8mb4_unicode_ci NOT NULL,
  `kode_divisi` varchar(10) COLLATE utf8mb4_unicode_ci NOT NULL,
  `nama_divisi` varchar(191) COLLATE utf8mb4_unicode_ci NOT NULL,
  `alias_divisi` varchar(20) COLLATE utf8mb4_unicode_ci NOT NULL,
  `created_at` timestamp NULL DEFAULT NULL,
  `updated_at` timestamp NULL DEFAULT NULL
) ENGINE=InnoDB DEFAULT CHARSET=utf8mb4 COLLATE=utf8mb4_unicode_ci;

--
-- Dumping data untuk tabel `divisi`
--

INSERT INTO `divisi` (`id`, `kode_divisi`, `nama_divisi`, `alias_divisi`, `created_at`, `updated_at`) VALUES
('030dcf28-8763-41c2-9359-26a36e8a814b', 'BPKAD-Sek6', 'Sekretariat', 'Sek', '2022-10-23 00:46:09', '2022-10-23 00:46:09'),
('08d960e7-9df0-4f22-8f1f-cc2dc124bb60', 'BPKAD-SBT6', 'Sub Bagian TU', 'TU', '2022-10-17 07:32:02', '2022-10-17 07:39:22'),
('2238f70e-2ed2-4ff4-a7a6-f63485ba9909', 'BPKAD-UPPA', 'UPTB Pelayanan Pemanfaatan Aset', 'UPTB Aset', '2022-10-17 07:35:57', '2022-10-17 07:39:34'),
('332c016c-95aa-4319-a985-540074eaee8e', 'BPKAD-UP63', 'UPTB Perbendaharaan', 'Perben', '2022-10-17 07:35:44', '2022-10-17 07:39:41'),
('76a67c8c-1cad-4108-a6e0-a0765536f90b', 'BPKAD-A634', 'Akutansi', 'AKT', '2022-10-17 07:35:04', '2022-10-17 07:39:49'),
('82252c02-5b56-46fe-91d5-00549bc691dc', 'BPKAD-BEKk', 'Bina Evaluasi Kabupaten kota', 'BEKk', '2022-10-17 07:35:33', '2022-10-17 07:35:33'),
('838cc7c1-526b-11ed-8b5e-9c2976f36af1', 'BPKAD-126', 'Sub Bagian Program', 'SubBag Program', NULL, NULL),
('b4d9e1c9-e319-47fe-9f11-1fc435656bc7', 'BPKAD-A634', 'Arsip', 'ARSIP', '2022-10-17 07:36:03', '2022-10-17 07:40:04'),
('bca38a19-13c9-4492-93ed-1a4c993db5c1', 'BPKAD-BA63', 'Bidang Anggararan', 'ANGGARAN', '2022-10-17 07:34:57', '2022-10-17 07:40:10'),
('e25f6439-f100-4b14-b4cd-2a2031e5da0d', 'BPKAD-BMD6', 'Barang Milik Daerah', 'BMD', '2022-10-17 07:35:22', '2022-10-17 07:35:22');

-- --------------------------------------------------------

--
-- Struktur dari tabel `failed_jobs`
--

CREATE TABLE `failed_jobs` (
  `id` bigint UNSIGNED NOT NULL,
  `uuid` varchar(255) CHARACTER SET utf8mb4 COLLATE utf8mb4_unicode_ci NOT NULL,
  `connection` text CHARACTER SET utf8mb4 COLLATE utf8mb4_unicode_ci NOT NULL,
  `queue` text CHARACTER SET utf8mb4 COLLATE utf8mb4_unicode_ci NOT NULL,
  `payload` longtext CHARACTER SET utf8mb4 COLLATE utf8mb4_unicode_ci NOT NULL,
  `exception` longtext CHARACTER SET utf8mb4 COLLATE utf8mb4_unicode_ci NOT NULL,
  `failed_at` timestamp NOT NULL DEFAULT CURRENT_TIMESTAMP
) ENGINE=InnoDB DEFAULT CHARSET=utf8mb4 COLLATE=utf8mb4_unicode_ci;

-- --------------------------------------------------------

--
-- Struktur dari tabel `formulasi`
--

CREATE TABLE `formulasi` (
  `id` varchar(40) COLLATE utf8mb4_unicode_ci NOT NULL,
  `indikator_kinerja_id` varchar(40) COLLATE utf8mb4_unicode_ci NOT NULL,
  `formulasi` text COLLATE utf8mb4_unicode_ci NOT NULL,
  `tipe_penghitungan` varchar(20) COLLATE utf8mb4_unicode_ci NOT NULL,
  `divisi_id` varchar(40) COLLATE utf8mb4_unicode_ci NOT NULL,
  `alasan` text COLLATE utf8mb4_unicode_ci NOT NULL,
  `created_at` timestamp NULL DEFAULT NULL,
  `updated_at` timestamp NULL DEFAULT NULL
) ENGINE=InnoDB DEFAULT CHARSET=utf8mb4 COLLATE=utf8mb4_unicode_ci;

--
-- Dumping data untuk tabel `formulasi`
--

INSERT INTO `formulasi` (`id`, `indikator_kinerja_id`, `formulasi`, `tipe_penghitungan`, `divisi_id`, `alasan`, `created_at`, `updated_at`) VALUES
('a23f4e7f-eb5c-49d8-9d75-a28b8c0f726b', 'a8eecf5b-d50c-4442-8b35-a20c2476faa0', 'Jumlah objek tanah dan bangunan yang sudah dimanfaatkan dibagi jumlah objek keseluruhan dikali 100%', 'Tahunan', '2238f70e-2ed2-4ff4-a7a6-f63485ba9909', 'Menjadi salah satu tugas BPKAD selaku PPBMD dan peningkatan PAD', '2022-10-18 06:53:22', '2022-10-18 06:53:22'),
('af8e1ae3-4e77-4002-9cdb-ca32cc699857', '05ac3cbe-41ee-41c8-afb6-e146e4ec44bf', 'usulan penghapusan BMD yang ditindaklanjuti dibagi jumlah usulan OPD yang diterima dikali 100%', 'Tahunan', 'e25f6439-f100-4b14-b4cd-2a2031e5da0d', 'Menjadi salah satu tugas BPKAD selaku PPBMD dan tertib pengelolaan BMD', '2022-10-18 06:52:39', '2022-10-18 06:52:39'),
('c2f4e6e5-9012-4064-b068-0c2c6d350819', 'e5614cbb-60a8-494d-9cc3-f79ec1ccc571', 'Jumlah Aset Tetap Tanah dan Bangunan yang dilegalkan di tambah Jumlah Aset Tetap Tanah yang Terlegalkan dibagi Jumlah Aset Tetap Tanahdan Bangunan Pemerintah Provinsi NTB dikali 100%', 'Tahunan', 'e25f6439-f100-4b14-b4cd-2a2031e5da0d', 'Menjadi salah tugas BPKAD selaku PPBMD.', '2022-10-18 06:54:10', '2022-10-18 06:54:10'),
('d4161c8c-fe60-4fb2-b424-34de0bfada86', '1c891886-f046-4aa9-8e89-0f89da01ee69', 'tes formulasis', 'bulanan', 'b4d9e1c9-e319-47fe-9f11-1fc435656bc7', 'sadsdas', '2022-10-27 01:07:59', '2022-10-27 01:08:39'),
('ef155562-9867-45c5-812a-ade547295e6b', '3837b088-9300-4d87-8f35-ffe5724428de', 'Jumlah Perangkat Daerah yang mengimplementasikan Akuntansi Berbasis Akrual dibagi Jumlah Perangkat Daerah', 'Tahunan', '76a67c8c-1cad-4108-a6e0-a0765536f90b', 'Menjadi salah satu tugas BPKAD selaku penyusun Laporan Keuangan Pemerintah Daerah untuk mendapatkan Opini WTP.', '2022-10-18 06:52:00', '2022-10-18 06:52:00');

-- --------------------------------------------------------

--
-- Struktur dari tabel `iku_realisasi`
--

CREATE TABLE `iku_realisasi` (
  `id` varchar(40) COLLATE utf8mb4_unicode_ci NOT NULL,
  `sasaran_strategis_id` varchar(40) COLLATE utf8mb4_unicode_ci NOT NULL,
  `indikator_kinerja_id` varchar(40) COLLATE utf8mb4_unicode_ci NOT NULL,
  `formula_id` varchar(40) COLLATE utf8mb4_unicode_ci NOT NULL,
  `target` varchar(50) COLLATE utf8mb4_unicode_ci NOT NULL,
  `target_tercapai` varchar(50) COLLATE utf8mb4_unicode_ci NOT NULL DEFAULT '0',
  `user_id` varchar(40) COLLATE utf8mb4_unicode_ci NOT NULL,
  `created_at` timestamp NULL DEFAULT NULL,
  `updated_at` timestamp NULL DEFAULT NULL
) ENGINE=InnoDB DEFAULT CHARSET=utf8mb4 COLLATE=utf8mb4_unicode_ci;

--
-- Dumping data untuk tabel `iku_realisasi`
--

INSERT INTO `iku_realisasi` (`id`, `sasaran_strategis_id`, `indikator_kinerja_id`, `formula_id`, `target`, `target_tercapai`, `user_id`, `created_at`, `updated_at`) VALUES
('30f08881-7f2f-4394-bf5f-5f865a23275b', '80234291-662c-465f-b514-464989a9cb91', 'a8eecf5b-d50c-4442-8b35-a20c2476faa0', 'a23f4e7f-eb5c-49d8-9d75-a28b8c0f726b', '73,93', '43', 'c760170f-f055-11ec-aceb-244bfebc253d', '2022-10-25 07:51:28', '2022-10-25 07:51:28'),
('5adc3056-f6ee-43de-91ff-e3b4936e00a6', '80234291-662c-465f-b514-464989a9cb91', '05ac3cbe-41ee-41c8-afb6-e146e4ec44bf', 'af8e1ae3-4e77-4002-9cdb-ca32cc699857', '100', '53', 'c760170f-f055-11ec-aceb-244bfebc253d', '2022-10-25 07:51:09', '2022-10-25 07:51:09'),
('bf62fb68-dc7b-403e-864a-27eeba22e78a', '80234291-662c-465f-b514-464989a9cb91', 'e5614cbb-60a8-494d-9cc3-f79ec1ccc571', 'c2f4e6e5-9012-4064-b068-0c2c6d350819', '84', '31', 'c760170f-f055-11ec-aceb-244bfebc253d', '2022-10-25 07:51:40', '2022-10-25 07:51:40'),
('fa140c28-1f2f-426f-a42d-3abca599526d', '80234291-662c-465f-b514-464989a9cb91', '3837b088-9300-4d87-8f35-ffe5724428de', 'ef155562-9867-45c5-812a-ade547295e6b', '100', '65', 'c760170f-f055-11ec-aceb-244bfebc253d', '2022-10-25 07:50:57', '2022-10-25 07:50:57');

-- --------------------------------------------------------

--
-- Struktur dari tabel `indikator_kinerja`
--

CREATE TABLE `indikator_kinerja` (
  `id` varchar(40) COLLATE utf8mb4_unicode_ci NOT NULL,
  `indikator_kinerja` text COLLATE utf8mb4_unicode_ci NOT NULL,
  `created_at` timestamp NULL DEFAULT NULL,
  `updated_at` timestamp NULL DEFAULT NULL
) ENGINE=InnoDB DEFAULT CHARSET=utf8mb4 COLLATE=utf8mb4_unicode_ci;

--
-- Dumping data untuk tabel `indikator_kinerja`
--

INSERT INTO `indikator_kinerja` (`id`, `indikator_kinerja`, `created_at`, `updated_at`) VALUES
('05ac3cbe-41ee-41c8-afb6-e146e4ec44bf', 'Persentase tindak lanjut penghapusan BMDs', '2022-10-18 06:49:53', '2022-10-19 13:20:13'),
('1c891886-f046-4aa9-8e89-0f89da01ee69', 'tess indikator kinerja', '2021-10-27 01:05:48', '2022-10-27 01:06:55'),
('3837b088-9300-4d87-8f35-ffe5724428de', 'Persentase Perangkat Daerah yang mengimplemntasikan Akuntasi Berbasis Akrual', '2022-10-18 06:49:38', '2022-10-28 07:45:40'),
('a8eecf5b-d50c-4442-8b35-a20c2476faa0', 'Persentase aset tanah dan bangunan yang termanfaatkan', '2022-10-18 06:50:05', '2022-10-18 06:50:05'),
('e5614cbb-60a8-494d-9cc3-f79ec1ccc571', 'Persetase Aset Tetap Tanah dan Bangunan yang terlegalkan', '2022-10-18 06:50:19', '2022-10-18 06:50:19');

-- --------------------------------------------------------

--
-- Struktur dari tabel `kode_rekening`
--

CREATE TABLE `kode_rekening` (
  `id` varchar(40) CHARACTER SET utf8mb4 COLLATE utf8mb4_unicode_ci NOT NULL,
  `nama_rekening` varchar(250) CHARACTER SET utf8mb4 COLLATE utf8mb4_unicode_ci NOT NULL,
  `kode_rekening` varchar(100) CHARACTER SET utf8mb4 COLLATE utf8mb4_unicode_ci NOT NULL,
  `ref` varchar(40) CHARACTER SET utf8mb4 COLLATE utf8mb4_unicode_ci DEFAULT NULL,
  `created_at` timestamp NULL DEFAULT NULL,
  `updated_at` timestamp NULL DEFAULT NULL
) ENGINE=InnoDB DEFAULT CHARSET=utf8mb4 COLLATE=utf8mb4_unicode_ci;

--
-- Dumping data untuk tabel `kode_rekening`
--

INSERT INTO `kode_rekening` (`id`, `nama_rekening`, `kode_rekening`, `ref`, `created_at`, `updated_at`) VALUES
('104c186e-a1f5-4ad6-aa42-ecc5c53fade7', 'Pendapatan Transfer Pemerintah Pusat', '4.2.01', '5.1.1.2.1', '2022-06-19 23:44:18', '2022-06-19 23:44:18'),
('12f2184a-64ae-486b-87f0-1e01bdade29a', 'BELANJA', '5', '5.1.2', '2022-06-19 23:44:18', '2022-06-19 23:44:18'),
('15ba1daa-6fe4-4a0a-b26e-9c2d8386ee9a', 'BELANJA MODAL', '5.2', '5.1.2.2', '2022-06-19 23:44:18', '2022-06-19 23:44:18'),
('1a9cda46-90e7-4de8-bb36-1b8382298b71', 'Penerimaan Pinjaman Daerah', '6.1.04', '-', '2022-06-19 23:44:18', '2022-06-19 23:44:18'),
('1ca7546f-4916-4263-b789-0cd13dcab131', 'Sisa Lebih Pembiayaan Anggaran Daerah Tahun Berkenaan', '6.3', '5.1.4.3', '2022-06-19 23:44:18', '2022-06-19 23:44:18'),
('2395266e-33f3-49d7-9aa5-24229c3e47dc', 'Sisa Lebih Perhitungan Anggaran Tahun Sebelumnya', '6.1.01', '-', '2022-06-19 23:44:18', '2022-06-19 23:44:18'),
('2ddf17b1-ca72-4cc7-b031-0a32098c19f5', 'Pendapatan Hibah', '4.3.01', '-', '2022-06-19 23:44:18', '2022-06-19 23:44:18'),
('30149811-05ef-456f-a1ca-dfa9dc8a3c70', 'Belanja Bunga', '5.1.03', '-', '2022-06-19 23:44:18', '2022-06-19 23:44:18'),
('33194299-09bf-478b-9aad-cce6b83dddd9', 'Belanja Modal Jalan, Jaringan, dan Irigasi', '5.2.04', '5.1.2.2.4', '2022-06-19 23:44:18', '2022-06-19 23:44:18'),
('36c0cae6-ab2d-41f3-9e15-b4d2316c63fc', 'Belanja Modal Peralatan dan Mesin', '5.2.02', '5.1.2.2.2', '2022-06-19 23:44:18', '2022-06-19 23:44:18'),
('376ef149-da17-41d6-8fd1-9308d1c9f302', 'PENERIMAAN PEMBIAYAAN', '6.1', '5.1.4.1', '2022-06-19 23:44:18', '2022-06-19 23:44:18'),
('41d7f2c2-06a0-423f-af0a-37c4159637b2', 'Pajak Daerah', '4.1.01', '5.1.1.1.1', '2022-06-19 23:44:18', '2022-06-19 23:44:18'),
('473a03c0-bd2d-491a-99a3-f0b13da22f6c', 'Belanja Bagi Hasil', '5.4.01', '5.1.3.1', '2022-06-19 23:44:18', '2022-06-19 23:44:18'),
('6c513169-3439-472e-86f2-4cc6097f3729', 'PENGELUARAN PEMBIAYAAN', '6.2', '5.1.4.2', '2022-06-19 23:44:18', '2022-06-19 23:44:18'),
('7a059d37-b922-4404-b04f-dc0099383341', 'PENDAPATAN DAERAH', '4', '5.1.1', '2022-06-19 23:44:18', '2022-06-19 23:44:18'),
('80f55efc-4f96-410d-a2ae-ee1047f9aa3c', 'Belanja Modal Aset Tetap Lainnya', '5.2.05', '5.1.2.2.5', '2022-06-19 23:44:18', '2022-06-19 23:44:18'),
('92d3d27a-c547-42b8-9b1c-ad1393ebf964', 'BELANJA TRANSFER', '5.4', '5.1.3', '2022-06-19 23:44:18', '2022-06-19 23:44:18'),
('9e77a247-80e3-4258-b47c-44ef7c2684cf', 'Belanja Hibah', '5.1.05', '5.1.2.1.4', '2022-06-19 23:44:18', '2022-06-19 23:44:18'),
('a3e19c03-8855-4fae-98bb-2959664fae63', 'Belanja Tidak Terduga', '5.3.01', '5.1.2.3', '2022-06-19 23:44:18', '2022-06-19 23:44:18'),
('a445836c-9848-4223-80e9-190b15ddab48', 'Belanja Barang dan Jasa', '5.1.02', '5.1.2.1.2', '2022-06-19 23:44:18', '2022-06-19 23:44:18'),
('a9a250f2-a6c8-4443-85b8-771982595f90', 'PEMBIAYAAN', '6', '5.1.4', '2022-06-19 23:44:18', '2022-06-19 23:44:18'),
('ac5c07a4-d510-4a9c-bb62-2e80b1e1b730', 'LAIN-LAIN PENDAPATAN DAERAH YANG SAH', '4.3', '5.1.1.3', '2022-06-19 23:44:18', '2022-06-19 23:44:18'),
('ad230c56-94b7-43c5-a1ae-c984a0eda770', 'BELANJA TIDAK TERDUGA', '5.3', '-', '2022-06-19 23:44:18', '2022-06-19 23:44:18'),
('c15657c4-9318-4fe5-a9f5-5792a94a8614', 'BELANJA OPERASI', '5.1', '5.1.2.1', '2022-06-19 23:44:18', '2022-06-19 23:44:18'),
('c64aaf6b-1084-49db-9f5f-1feb02017b08', 'PENDAPATAN TRANSFER', '4.2', '5.1.1.2', '2022-06-19 23:44:18', '2022-06-19 23:44:18'),
('d813ccb5-70e1-4fe9-9fea-ec7635ad0774', 'Retribusi Daerah', '4.1.02', '5.1.1.1.2', '2022-06-19 23:44:18', '2022-06-19 23:44:18'),
('d90e4d1d-6f81-4f0a-952f-a9a8bb7095d8', 'Belanja Bantuan Sosial', '5.1.06', '5.1.2.1.5', '2022-06-19 23:44:18', '2022-06-19 23:44:18'),
('db186957-15ea-41b5-b715-89447f7c3782', 'Pendapatan Transfer Antar Daerah', '4.2.02', '5.1.1.2.2', '2022-06-19 23:44:18', '2022-06-19 23:44:18'),
('dbf1c5a2-90dd-4d05-8630-d81e63fb80f1', 'Belanja Modal Gedung dan Bangunan', '5.2.03', '5.1.2.2.3', '2022-06-19 23:44:18', '2022-06-19 23:44:18'),
('e9f7b96c-7fde-4f7b-9199-77f69ab348b9', 'Belanja Subsidi', '5.1.04', '5.1.2.1.3', '2022-06-19 23:44:18', '2022-06-19 23:44:18'),
('edc23423-7172-43f1-97ba-022e01076458', 'Belanja Modal Tanah', '5.2.01', '5.1.2.2.1', '2022-06-19 23:44:18', '2022-06-19 23:44:18'),
('ee4ada13-fb95-49a9-90a1-23bcf6b5e2ed', 'Belanja Bantuan Keuangan', '5.4.02', '5.1.3.2', '2022-06-19 23:44:18', '2022-06-19 23:44:18'),
('f0464081-11b8-45c0-9ea3-edd42c53993f', 'Penyertaan Modal Daerah', '6.2.02', '-', '2022-06-19 23:44:18', '2022-06-19 23:44:18'),
('f5632b3c-867d-4bdc-b57b-5ccdd1b862d8', 'PENDAPATAN ASLI DAERAH (PAD)', '4.1', '5.1.1.1', '2022-06-19 23:44:18', '2022-06-19 23:44:18'),
('f773ce97-80b1-4f25-a1ba-c5e4cdfb0896', 'Hasil Pengelolaan Kekayaan Daerah yang Dipisahkan', '4.1.03', '5.1.1.1.3', '2022-06-19 23:44:18', '2022-06-19 23:44:18'),
('fc3e70cc-d8a9-4686-8571-8ef9b0427000', 'Lain-lain PAD yang Sah', '4.1.04', '5.1.1.1.4', '2022-06-19 23:44:18', '2022-06-19 23:44:18'),
('fd658b86-dbd5-4014-82d1-bfdf99dcc8a8', 'Belanja Pegawai', '5.1.01', '5.1.2.1.1', '2022-06-19 23:44:18', '2022-06-19 23:44:18');

-- --------------------------------------------------------

--
-- Struktur dari tabel `migrations`
--

CREATE TABLE `migrations` (
  `id` int UNSIGNED NOT NULL,
  `migration` varchar(255) CHARACTER SET utf8mb4 COLLATE utf8mb4_unicode_ci NOT NULL,
  `batch` int NOT NULL
) ENGINE=InnoDB DEFAULT CHARSET=utf8mb4 COLLATE=utf8mb4_unicode_ci;

--
-- Dumping data untuk tabel `migrations`
--

INSERT INTO `migrations` (`id`, `migration`, `batch`) VALUES
(88, '2022_10_17_101856_create_indikator_kinerja', 1),
(89, '2022_10_17_101857_create_formulasi', 2),
(91, '2022_10_17_103111_add_foreign_indikator_kinerja_to_formulasi', 4),
(92, '2022_10_17_102957_add_foreign_divisi_to_formulasi', 5),
(95, '2022_10_17_111258_add_foreign_user_to_iku_realisasi', 8),
(99, '2022_10_17_213339_add_foreign_sasaran_strategis_to_iku_realisasi', 10),
(100, '2022_10_17_102246_create_iku_realisasi', 11),
(101, '2022_10_17_103102_add_foreign_to_iku_realisasi', 12),
(103, '2022_10_19_112808_add_foreign_iku_realisasi_to_program_anggaran_iku', 14),
(104, '2022_10_19_112527_create_program_anggaran_iku', 15),
(105, '2022_10_22_150045_add_foreign_divisi_to_users', 16),
(108, '2022_10_23_090745_add_field_iku_realisasi_id_to_program_anggaran_iku', 17),
(109, '2022_10_23_091157_add_foreign_iku_realisasi_to_program_anggaran_iku', 18),
(117, '2022_06_20_081059_create_apbd', 24),
(120, '2022_10_27_210402_add_foreign_user_to_apbd', 26),
(121, '2022_04_25_163814_create_laporan_realisasi_anggaran', 27),
(122, '2022_10_27_203435_add_foreign_apbd_to_realisasi_anggaran', 28);

-- --------------------------------------------------------

--
-- Struktur dari tabel `password_resets`
--

CREATE TABLE `password_resets` (
  `email` varchar(255) CHARACTER SET utf8mb4 COLLATE utf8mb4_unicode_ci NOT NULL,
  `token` varchar(255) CHARACTER SET utf8mb4 COLLATE utf8mb4_unicode_ci NOT NULL,
  `token_use` enum('0','1') CHARACTER SET utf8mb4 COLLATE utf8mb4_unicode_ci NOT NULL DEFAULT '0',
  `created_at` timestamp NULL DEFAULT NULL,
  `updated_at` timestamp NULL DEFAULT NULL
) ENGINE=InnoDB DEFAULT CHARSET=utf8mb4 COLLATE=utf8mb4_unicode_ci;

-- --------------------------------------------------------

--
-- Struktur dari tabel `personal_access_tokens`
--

CREATE TABLE `personal_access_tokens` (
  `id` bigint UNSIGNED NOT NULL,
  `tokenable_type` varchar(255) CHARACTER SET utf8mb4 COLLATE utf8mb4_unicode_ci NOT NULL,
  `tokenable_id` bigint UNSIGNED NOT NULL,
  `name` varchar(255) CHARACTER SET utf8mb4 COLLATE utf8mb4_unicode_ci NOT NULL,
  `token` varchar(64) CHARACTER SET utf8mb4 COLLATE utf8mb4_unicode_ci NOT NULL,
  `abilities` text CHARACTER SET utf8mb4 COLLATE utf8mb4_unicode_ci,
  `last_used_at` timestamp NULL DEFAULT NULL,
  `created_at` timestamp NULL DEFAULT NULL,
  `updated_at` timestamp NULL DEFAULT NULL
) ENGINE=InnoDB DEFAULT CHARSET=utf8mb4 COLLATE=utf8mb4_unicode_ci;

-- --------------------------------------------------------

--
-- Struktur dari tabel `program_anggaran_iku`
--

CREATE TABLE `program_anggaran_iku` (
  `id` varchar(40) COLLATE utf8mb4_unicode_ci NOT NULL,
  `program` varchar(150) COLLATE utf8mb4_unicode_ci NOT NULL,
  `anggaran` double(255,2) NOT NULL,
  `anggaran_terpakai` double(255,2) NOT NULL,
  `persentase_anggaran` double(100,2) NOT NULL,
  `keterangan` text COLLATE utf8mb4_unicode_ci NOT NULL,
  `created_at` timestamp NULL DEFAULT NULL,
  `updated_at` timestamp NULL DEFAULT NULL
) ENGINE=InnoDB DEFAULT CHARSET=utf8mb4 COLLATE=utf8mb4_unicode_ci;

--
-- Dumping data untuk tabel `program_anggaran_iku`
--

INSERT INTO `program_anggaran_iku` (`id`, `program`, `anggaran`, `anggaran_terpakai`, `persentase_anggaran`, `keterangan`, `created_at`, `updated_at`) VALUES
('913ffcc7-f916-4522-be03-ad9378bd1235', 'Program Pengelolaan Barang Milik Daerah', 1473114400.00, 0.00, 0.00, 'APBD Mendukung Sasaran Strategis dan Indikator Kinerja No. 2 dan 3,4', '2022-10-25 15:44:28', '2022-10-25 15:44:28'),
('d6557161-cf3f-427f-b3cd-bdddecf4326a', 'Program Pengelolaan Keuangan Daerah', 899899545404.00, 90000000000.00, 10.00, 'APBD Mendukung Sasaran Strategis dan Indikator Kinerja No. 1', '2022-10-25 15:41:21', '2022-10-27 02:35:31');

-- --------------------------------------------------------

--
-- Struktur dari tabel `realisasi_anggaran`
--

CREATE TABLE `realisasi_anggaran` (
  `id` varchar(40) COLLATE utf8mb4_unicode_ci NOT NULL,
  `kode_rekening` varchar(50) COLLATE utf8mb4_unicode_ci NOT NULL,
  `anggaran_terealisasi` bigint NOT NULL,
  `tahun_anggaran` varchar(4) COLLATE utf8mb4_unicode_ci NOT NULL,
  `user_id` varchar(40) COLLATE utf8mb4_unicode_ci NOT NULL,
  `created_at` timestamp NULL DEFAULT NULL,
  `updated_at` timestamp NULL DEFAULT NULL
) ENGINE=InnoDB DEFAULT CHARSET=utf8mb4 COLLATE=utf8mb4_unicode_ci;

--
-- Dumping data untuk tabel `realisasi_anggaran`
--

INSERT INTO `realisasi_anggaran` (`id`, `kode_rekening`, `anggaran_terealisasi`, `tahun_anggaran`, `user_id`, `created_at`, `updated_at`) VALUES
('038d8198-4a58-43b8-9562-0f53c48f38ff', '6.1.04', 0, '2018', 'c760170f-f055-11ec-aceb-244bfebc253d', '2022-10-31 09:41:24', '2022-10-31 09:41:24'),
('04358ad1-b95a-4024-a85d-f03ec1a79b27', '5.3.01', 0, '2021', 'c760170f-f055-11ec-aceb-244bfebc253d', '2022-10-31 02:46:17', '2022-10-31 02:46:17'),
('0447b833-5c00-43c7-8480-21a31823d36e', '6', 0, '2022', 'c760170f-f055-11ec-aceb-244bfebc253d', '2022-10-31 02:50:26', '2022-10-31 02:50:26'),
('0463c2c5-8435-492b-a2a9-b920824f7c6e', '6.1.01', 0, '2022', 'c760170f-f055-11ec-aceb-244bfebc253d', '2022-10-31 02:50:26', '2022-10-31 02:50:26'),
('063666f9-4133-4d64-b455-4d7833186686', '5.2.01', 0, '2019', 'c760170f-f055-11ec-aceb-244bfebc253d', '2022-10-31 09:41:04', '2022-10-31 09:41:04'),
('09438c24-1180-462e-b78c-de9664c458af', '6.1.01', 0, '2019', 'c760170f-f055-11ec-aceb-244bfebc253d', '2022-10-31 09:41:04', '2022-10-31 09:41:04'),
('0a40095f-8bf7-492a-ad3b-a0ff8844c321', '5.2.04', 0, '2022', 'c760170f-f055-11ec-aceb-244bfebc253d', '2022-10-31 02:50:26', '2022-10-31 02:50:26'),
('0c0b90ac-aa8c-4bd7-8e4f-eac5b55a13b8', '4', 0, '2019', 'c760170f-f055-11ec-aceb-244bfebc253d', '2022-10-31 09:41:04', '2022-10-31 09:41:04'),
('0c165a90-0ba6-4aa3-bb85-482c329402bc', '5.1.01', 0, '2021', 'c760170f-f055-11ec-aceb-244bfebc253d', '2022-10-31 02:46:17', '2022-10-31 02:46:17'),
('0e50490e-c01a-4ef9-953b-a3446e0906af', '5.2.02', 0, '2021', 'c760170f-f055-11ec-aceb-244bfebc253d', '2022-10-31 02:46:17', '2022-10-31 02:46:17'),
('105f85dc-2118-4f28-847a-287de10a0b98', '6.2.02', 0, '2022', 'c760170f-f055-11ec-aceb-244bfebc253d', '2022-10-31 09:28:13', '2022-10-31 09:28:13'),
('1254efdb-3a82-4d48-928b-63b278a3527c', '5.1.06', 0, '2022', 'c760170f-f055-11ec-aceb-244bfebc253d', '2022-10-31 09:28:13', '2022-10-31 09:28:13'),
('135e882c-c4d0-4f61-90e7-2efc0a08f168', '6.1.04', 0, '2022', 'c760170f-f055-11ec-aceb-244bfebc253d', '2022-10-31 09:28:13', '2022-10-31 09:28:13'),
('16d6bda7-1ceb-4a34-b723-42e12d5d4456', '5.4', 0, '2018', 'c760170f-f055-11ec-aceb-244bfebc253d', '2022-10-31 09:41:24', '2022-10-31 09:41:24'),
('1d01b53d-329c-4862-926c-0d2d8692de4b', '5.2.02', 0, '2022', 'c760170f-f055-11ec-aceb-244bfebc253d', '2022-10-31 02:50:26', '2022-10-31 02:50:26'),
('1dc2594d-17ab-450b-bd03-43665754c390', '6.1', 0, '2021', 'c760170f-f055-11ec-aceb-244bfebc253d', '2022-10-31 02:46:17', '2022-10-31 02:46:17'),
('1e57028a-b327-4cb1-9a74-b0b40503d182', '5', 0, '2018', 'c760170f-f055-11ec-aceb-244bfebc253d', '2022-10-31 09:41:24', '2022-10-31 09:41:24'),
('1e61d570-e5eb-4e2a-943c-34adeeeec73e', '6.2', 0, '2018', 'c760170f-f055-11ec-aceb-244bfebc253d', '2022-10-31 09:41:24', '2022-10-31 09:41:24'),
('1fa5683d-f30a-44d9-a9e7-002bccb9fb5a', '4.3', 0, '2021', 'c760170f-f055-11ec-aceb-244bfebc253d', '2022-10-31 02:46:17', '2022-10-31 02:46:17'),
('224922da-8094-43d4-b75a-df77686f8cab', '5.1.03', 0, '2018', 'c760170f-f055-11ec-aceb-244bfebc253d', '2022-10-31 09:41:24', '2022-10-31 09:41:24'),
('24722066-4851-46b7-bef7-29277a2aa54b', '4.1', 0, '2018', 'c760170f-f055-11ec-aceb-244bfebc253d', '2022-10-31 09:41:24', '2022-10-31 09:41:24'),
('248b6b63-3971-42d3-8e84-00ecf394f592', '4.1.02', 0, '2022', 'c760170f-f055-11ec-aceb-244bfebc253d', '2022-10-31 02:50:25', '2022-10-31 02:50:25'),
('25ba67fd-0b36-4d81-8873-9450c1befecb', '5', 0, '2021', 'c760170f-f055-11ec-aceb-244bfebc253d', '2022-10-31 02:46:17', '2022-10-31 02:46:17'),
('25f7df24-d67a-47fa-9c23-0564fb26d63d', '4.2.01', 0, '2019', 'c760170f-f055-11ec-aceb-244bfebc253d', '2022-10-31 09:41:04', '2022-10-31 09:41:04'),
('2656d54b-e001-47fd-bdf3-03380d67b6ab', '6.1.01', 0, '2022', 'c760170f-f055-11ec-aceb-244bfebc253d', '2022-10-31 09:28:13', '2022-10-31 09:28:13'),
('26913dbe-1a38-4ad7-97f8-b5d43376c10b', '4.1.04', 0, '2019', 'c760170f-f055-11ec-aceb-244bfebc253d', '2022-10-31 09:41:04', '2022-10-31 09:41:04'),
('270e45f6-9d68-4052-87ee-8b4ba959d10d', '6.1', 0, '2018', 'c760170f-f055-11ec-aceb-244bfebc253d', '2022-10-31 09:41:24', '2022-10-31 09:41:24'),
('2a656f8e-149c-4a6a-9c5c-e1a8d953409d', '4.3', 0, '2018', 'c760170f-f055-11ec-aceb-244bfebc253d', '2022-10-31 09:41:24', '2022-10-31 09:41:24'),
('2c93e26c-6848-4fc7-8c1f-efdb85368c47', '5.2.01', 0, '2021', 'c760170f-f055-11ec-aceb-244bfebc253d', '2022-10-31 02:46:17', '2022-10-31 02:46:17'),
('2cd69500-9b1d-4fd9-b15f-9953e5870fa6', '5.2.01', 0, '2018', 'c760170f-f055-11ec-aceb-244bfebc253d', '2022-10-31 09:41:24', '2022-10-31 09:41:24'),
('34a71ea3-7744-4fcd-a55f-cab4d3f4fc20', '5.2.02', 0, '2022', 'c760170f-f055-11ec-aceb-244bfebc253d', '2022-10-31 09:28:13', '2022-10-31 09:28:13'),
('375f41e5-4d9d-45bc-b050-6eb2a3b3242a', '5.1.06', 0, '2022', 'c760170f-f055-11ec-aceb-244bfebc253d', '2022-10-31 02:50:26', '2022-10-31 02:50:26'),
('37e2bd8a-dacb-4e0d-a3f7-91ee24035866', '4.1.04', 0, '2018', 'c760170f-f055-11ec-aceb-244bfebc253d', '2022-10-31 09:41:24', '2022-10-31 09:41:24'),
('38c2a4f6-ef0d-492d-8836-474dccc17e56', '4.2.01', 0, '2021', 'c760170f-f055-11ec-aceb-244bfebc253d', '2022-10-31 02:46:17', '2022-10-31 02:46:17'),
('3c237039-33a9-4b6d-a263-c9f048f7c45c', '5.4.02', 0, '2022', 'c760170f-f055-11ec-aceb-244bfebc253d', '2022-10-31 09:28:13', '2022-10-31 09:28:13'),
('3d3ed0bb-dc3d-4dd9-8cf1-39484910b900', '5.2.05', 0, '2021', 'c760170f-f055-11ec-aceb-244bfebc253d', '2022-10-31 02:46:17', '2022-10-31 02:46:17'),
('4024f6cd-0c7b-4f26-a059-5789f36fc839', '5.3', 0, '2021', 'c760170f-f055-11ec-aceb-244bfebc253d', '2022-10-31 02:46:17', '2022-10-31 02:46:17'),
('40885389-b201-484a-b70c-be1bcae23a43', '5.2', 0, '2018', 'c760170f-f055-11ec-aceb-244bfebc253d', '2022-10-31 09:41:24', '2022-10-31 09:41:24'),
('42efa063-d29c-440b-b271-b4761986a689', '4.1.03', 0, '2018', 'c760170f-f055-11ec-aceb-244bfebc253d', '2022-10-31 09:41:24', '2022-10-31 09:41:24'),
('4376e19f-7a31-473e-8e74-500b8b480c40', '5.2.04', 0, '2018', 'c760170f-f055-11ec-aceb-244bfebc253d', '2022-10-31 09:41:24', '2022-10-31 09:41:24'),
('43cd7031-65a0-48b4-b239-8b8a15f2c629', '5.1', 0, '2019', 'c760170f-f055-11ec-aceb-244bfebc253d', '2022-10-31 09:41:04', '2022-10-31 09:41:04'),
('444d1952-8341-4025-9fe4-928bccbff700', '5', 0, '2022', 'c760170f-f055-11ec-aceb-244bfebc253d', '2022-10-31 02:50:26', '2022-10-31 02:50:26'),
('4707adde-758f-4f89-a9cb-5d03dfd93cd9', '5.2.04', 0, '2021', 'c760170f-f055-11ec-aceb-244bfebc253d', '2022-10-31 02:46:17', '2022-10-31 02:46:17'),
('47466748-039e-437c-ab54-58781b87173e', '4.1.01', 100000000000, '2021', 'c760170f-f055-11ec-aceb-244bfebc253d', '2022-10-31 02:46:17', '2022-10-31 06:15:51'),
('475a10eb-2958-41d7-a1ef-f6f00c780aed', '5.3', 0, '2022', 'c760170f-f055-11ec-aceb-244bfebc253d', '2022-10-31 02:50:26', '2022-10-31 02:50:26'),
('48deea72-7e0b-404a-9688-9b08c4d4541e', '4.1', 0, '2022', 'c760170f-f055-11ec-aceb-244bfebc253d', '2022-10-31 02:50:25', '2022-10-31 02:50:25'),
('4be6c285-fcf2-424e-9f3b-d43763ba04ec', '4.1', 0, '2019', 'c760170f-f055-11ec-aceb-244bfebc253d', '2022-10-31 09:41:04', '2022-10-31 09:41:04'),
('4d5c5dca-1cd3-41a5-b178-a8291f5b938c', '6.2.02', 0, '2022', 'c760170f-f055-11ec-aceb-244bfebc253d', '2022-10-31 02:50:26', '2022-10-31 02:50:26'),
('4e5a2616-6d02-4aa8-8014-18b068aa2232', '4.1', 0, '2021', 'c760170f-f055-11ec-aceb-244bfebc253d', '2022-10-31 02:46:17', '2022-10-31 02:46:17'),
('525d729f-ca12-430a-bfbc-17859df84fd9', '5.1.02', 0, '2021', 'c760170f-f055-11ec-aceb-244bfebc253d', '2022-10-31 02:46:17', '2022-10-31 02:46:17'),
('5310ea3e-11b0-4cad-b59f-d2c4cf0c302c', '4.1.03', 0, '2021', 'c760170f-f055-11ec-aceb-244bfebc253d', '2022-10-31 02:46:17', '2022-10-31 02:46:17'),
('5345e915-d884-4bfb-84fb-41cf5d3cf7a6', '5.1.05', 0, '2019', 'c760170f-f055-11ec-aceb-244bfebc253d', '2022-10-31 09:41:04', '2022-10-31 09:41:04'),
('540e4d57-8fcf-450e-8bd6-1ffb2ada539f', '5.2.02', 0, '2019', 'c760170f-f055-11ec-aceb-244bfebc253d', '2022-10-31 09:41:04', '2022-10-31 09:41:04'),
('5436e180-1466-4ecf-889b-a7196204bc74', '6.1', 0, '2022', 'c760170f-f055-11ec-aceb-244bfebc253d', '2022-10-31 02:50:26', '2022-10-31 02:50:26'),
('54dfb89f-24b1-489e-98c0-6886ca9c2fe9', '5.1.04', 0, '2021', 'c760170f-f055-11ec-aceb-244bfebc253d', '2022-10-31 02:46:17', '2022-10-31 02:46:17'),
('58158e6c-0f8b-4db7-a62b-f2d21606021e', '4.1.03', 0, '2022', 'c760170f-f055-11ec-aceb-244bfebc253d', '2022-10-31 02:50:25', '2022-10-31 02:50:25'),
('58ed522f-e825-417a-9c93-59f76f829427', '5.4', 0, '2021', 'c760170f-f055-11ec-aceb-244bfebc253d', '2022-10-31 02:46:17', '2022-10-31 02:46:17'),
('5a029e1f-2277-42cb-aa9c-b6e33f72f296', '5.1.03', 0, '2022', 'c760170f-f055-11ec-aceb-244bfebc253d', '2022-10-31 09:28:13', '2022-10-31 09:28:13'),
('5a2aaf6b-9915-4bee-960f-fd59784b07d3', '5.1.02', 0, '2022', 'c760170f-f055-11ec-aceb-244bfebc253d', '2022-10-31 02:50:26', '2022-10-31 02:50:26'),
('5af05bf3-1b8e-466b-a6c9-9d0a9b8b434e', '5.2', 0, '2022', 'c760170f-f055-11ec-aceb-244bfebc253d', '2022-10-31 09:28:13', '2022-10-31 09:28:13'),
('5b532b21-be7c-4113-acf8-ded7841655a6', '4.2.02', 0, '2018', 'c760170f-f055-11ec-aceb-244bfebc253d', '2022-10-31 09:41:24', '2022-10-31 09:41:24'),
('5b815cf8-e272-4c77-9781-e045f47f0d93', '5.3', 0, '2018', 'c760170f-f055-11ec-aceb-244bfebc253d', '2022-10-31 09:41:24', '2022-10-31 09:41:24'),
('5cdccdc8-3d3b-4ba3-9540-a2fba6abfcc8', '5.2.03', 0, '2018', 'c760170f-f055-11ec-aceb-244bfebc253d', '2022-10-31 09:41:24', '2022-10-31 09:41:24'),
('5f24ad30-8018-4de2-919b-609cce46628a', '5.4.02', 0, '2018', 'c760170f-f055-11ec-aceb-244bfebc253d', '2022-10-31 09:41:24', '2022-10-31 09:41:24'),
('60fc0666-1151-42f9-bb8a-ee1edbe6f220', '5.2.01', 0, '2022', 'c760170f-f055-11ec-aceb-244bfebc253d', '2022-10-31 09:28:13', '2022-10-31 09:28:13'),
('635d2056-7980-4da2-bf02-95b72669ccf2', '5.2.05', 0, '2019', 'c760170f-f055-11ec-aceb-244bfebc253d', '2022-10-31 09:41:04', '2022-10-31 09:41:04'),
('6458ba7a-aee1-43ee-95b9-745cdf70946f', '6.1', 0, '2022', 'c760170f-f055-11ec-aceb-244bfebc253d', '2022-10-31 09:28:13', '2022-10-31 09:28:13'),
('645a8ee2-4966-467f-99c6-070440955693', '5.2.03', 0, '2019', 'c760170f-f055-11ec-aceb-244bfebc253d', '2022-10-31 09:41:04', '2022-10-31 09:41:04'),
('64af103a-b90b-43c4-a81d-1ffb75dbda57', '4.3', 0, '2022', 'c760170f-f055-11ec-aceb-244bfebc253d', '2022-10-31 02:50:26', '2022-10-31 02:50:26'),
('64fd93cb-938c-405e-8a10-66232045f4b1', '5.2.04', 0, '2022', 'c760170f-f055-11ec-aceb-244bfebc253d', '2022-10-31 09:28:13', '2022-10-31 09:28:13'),
('669b5906-711e-4db5-b6a7-213bbd112f35', '4.1.04', 0, '2021', 'c760170f-f055-11ec-aceb-244bfebc253d', '2022-10-31 02:46:17', '2022-10-31 02:46:17'),
('6907c79d-38b9-4587-9c34-883645d79633', '6.3', 0, '2022', 'c760170f-f055-11ec-aceb-244bfebc253d', '2022-10-31 02:50:26', '2022-10-31 02:50:26'),
('69ae08e3-5761-4b8f-8a16-458d8803775b', '6.1.04', 0, '2019', 'c760170f-f055-11ec-aceb-244bfebc253d', '2022-10-31 09:41:04', '2022-10-31 09:41:04'),
('6b3e5a82-7b3b-455d-b280-c8e4549222b8', '4.3.01', 0, '2022', 'c760170f-f055-11ec-aceb-244bfebc253d', '2022-10-31 09:28:13', '2022-10-31 09:28:13'),
('6e6cd9e0-9c92-4df6-b4cb-910c9cf51e35', '4', 0, '2022', 'c760170f-f055-11ec-aceb-244bfebc253d', '2022-10-31 09:28:13', '2022-10-31 09:28:13'),
('6eee84f0-e431-4b86-86b6-b9f891f8775f', '5.1.01', 0, '2022', 'c760170f-f055-11ec-aceb-244bfebc253d', '2022-10-31 09:28:13', '2022-10-31 09:28:13'),
('6f46cebf-beb8-4e27-b5b3-d815feee65f8', '5.3', 0, '2019', 'c760170f-f055-11ec-aceb-244bfebc253d', '2022-10-31 09:41:04', '2022-10-31 09:41:04'),
('70146a20-76e3-4893-a93b-1a00966f344a', '4.2', 0, '2018', 'c760170f-f055-11ec-aceb-244bfebc253d', '2022-10-31 09:41:24', '2022-10-31 09:41:24'),
('72e20b26-beca-4ca6-a938-ab0cda46e709', '4.2', 0, '2021', 'c760170f-f055-11ec-aceb-244bfebc253d', '2022-10-31 02:46:17', '2022-10-31 02:46:17'),
('73151cf5-782e-40a1-a95c-0bac5581887e', '4.2', 0, '2022', 'c760170f-f055-11ec-aceb-244bfebc253d', '2022-10-31 09:28:13', '2022-10-31 09:28:13'),
('733e2f3c-d4ea-42c3-9ce7-dd3ec1fbe4b9', '5.2.05', 0, '2022', 'c760170f-f055-11ec-aceb-244bfebc253d', '2022-10-31 09:28:13', '2022-10-31 09:28:13'),
('74810352-7bd2-4cc6-9ba6-2bac72e6c5b3', '5.1.04', 0, '2022', 'c760170f-f055-11ec-aceb-244bfebc253d', '2022-10-31 02:50:26', '2022-10-31 02:50:26'),
('74d153a8-3834-4894-8225-e268c7ffa798', '5.1.05', 0, '2021', 'c760170f-f055-11ec-aceb-244bfebc253d', '2022-10-31 02:46:17', '2022-10-31 02:46:17'),
('756a1b90-7b8c-4ffb-aafb-3e258e11a745', '6.2', 0, '2021', 'c760170f-f055-11ec-aceb-244bfebc253d', '2022-10-31 02:46:17', '2022-10-31 02:46:17'),
('7654b5ea-4b03-4e48-a22a-47ac2ced814b', '4.2.02', 0, '2021', 'c760170f-f055-11ec-aceb-244bfebc253d', '2022-10-31 02:46:17', '2022-10-31 02:46:17'),
('77d116f2-6f5a-4026-a173-d68d085bf096', '6.1.04', 0, '2022', 'c760170f-f055-11ec-aceb-244bfebc253d', '2022-10-31 02:50:26', '2022-10-31 02:50:26'),
('79cfa175-efc1-49d4-9839-8c0d64117003', '5.1', 0, '2021', 'c760170f-f055-11ec-aceb-244bfebc253d', '2022-10-31 02:46:17', '2022-10-31 02:46:17'),
('7a9de8f8-de3d-429a-9f8c-b43a5f0f5c2f', '5.4.01', 0, '2018', 'c760170f-f055-11ec-aceb-244bfebc253d', '2022-10-31 09:41:24', '2022-10-31 09:41:24'),
('7af95550-d1aa-44c8-bb5c-de4dcd98c1e7', '5.1.02', 0, '2018', 'c760170f-f055-11ec-aceb-244bfebc253d', '2022-10-31 09:41:24', '2022-10-31 09:41:24'),
('7d52ba6b-8b90-43c3-8bc6-ff57403bedde', '4.3.01', 0, '2019', 'c760170f-f055-11ec-aceb-244bfebc253d', '2022-10-31 09:41:04', '2022-10-31 09:41:04'),
('7d626216-ebbd-415a-a479-a30965ac2d89', '4.1.02', 0, '2019', 'c760170f-f055-11ec-aceb-244bfebc253d', '2022-10-31 09:41:04', '2022-10-31 09:41:04'),
('81be8de7-bb7c-4590-8a27-1360164119cc', '5.4', 0, '2019', 'c760170f-f055-11ec-aceb-244bfebc253d', '2022-10-31 09:41:04', '2022-10-31 09:41:04'),
('821aba01-ce65-4610-a30e-27659a70e84a', '5', 0, '2019', 'c760170f-f055-11ec-aceb-244bfebc253d', '2022-10-31 09:41:04', '2022-10-31 09:41:04'),
('826e1740-37bf-4c27-a176-53395da201e8', '4', 0, '2018', 'c760170f-f055-11ec-aceb-244bfebc253d', '2022-10-31 09:41:24', '2022-10-31 09:41:24'),
('843617b9-c5f1-4adb-9fb0-66da085a51fb', '6.1.04', 0, '2021', 'c760170f-f055-11ec-aceb-244bfebc253d', '2022-10-31 02:46:17', '2022-10-31 02:46:17'),
('858360f3-8145-4320-9891-db24dbd6e362', '5.4.02', 0, '2022', 'c760170f-f055-11ec-aceb-244bfebc253d', '2022-10-31 02:50:26', '2022-10-31 02:50:26'),
('864f0e51-b895-4c58-9b88-88f9c85c9f41', '4.2', 0, '2022', 'c760170f-f055-11ec-aceb-244bfebc253d', '2022-10-31 02:50:25', '2022-10-31 02:50:25'),
('883b7347-bb56-4099-bc0a-23910df8e815', '6.3', 0, '2019', 'c760170f-f055-11ec-aceb-244bfebc253d', '2022-10-31 09:41:04', '2022-10-31 09:41:04'),
('888c6567-55bc-4636-874b-a596cc6cd181', '5.1', 0, '2022', 'c760170f-f055-11ec-aceb-244bfebc253d', '2022-10-31 02:50:26', '2022-10-31 02:50:26'),
('899fad12-6c61-4ea6-bc0c-0df3dc8a93fb', '5.2.01', 0, '2022', 'c760170f-f055-11ec-aceb-244bfebc253d', '2022-10-31 02:50:26', '2022-10-31 02:50:26'),
('8c841c56-3797-4b9b-9389-c72681af0488', '4.1.01', 0, '2022', 'c760170f-f055-11ec-aceb-244bfebc253d', '2022-10-31 09:28:13', '2022-10-31 09:28:13'),
('917fcf19-a32f-4ebf-8ce8-3ad9f1597a11', '5.4.01', 0, '2021', 'c760170f-f055-11ec-aceb-244bfebc253d', '2022-10-31 02:46:17', '2022-10-31 02:46:17'),
('94cd3986-fb0e-4775-8834-623444be6c3b', '4.1.04', 0, '2022', 'c760170f-f055-11ec-aceb-244bfebc253d', '2022-10-31 09:28:13', '2022-10-31 09:28:13'),
('96231ed5-1efd-4337-8f2e-8ddf410b689b', '4.1.02', 0, '2021', 'c760170f-f055-11ec-aceb-244bfebc253d', '2022-10-31 02:46:17', '2022-10-31 02:46:17'),
('9666ff50-8c32-40ef-91b3-982be8d892be', '6', 0, '2019', 'c760170f-f055-11ec-aceb-244bfebc253d', '2022-10-31 09:41:04', '2022-10-31 09:41:04'),
('9a90c7b5-b9c6-4d30-a1df-627bd90a998a', '5.1.05', 0, '2022', 'c760170f-f055-11ec-aceb-244bfebc253d', '2022-10-31 02:50:26', '2022-10-31 02:50:26'),
('9b4bb01b-a5cf-462a-82a3-c3839a9219eb', '5.1', 0, '2018', 'c760170f-f055-11ec-aceb-244bfebc253d', '2022-10-31 09:41:24', '2022-10-31 09:41:24'),
('9c5822c4-c12c-41e8-a2f5-b1fe1c3cb53f', '5.2.03', 0, '2022', 'c760170f-f055-11ec-aceb-244bfebc253d', '2022-10-31 02:50:26', '2022-10-31 02:50:26'),
('9db57d16-ce17-47e6-a890-668b576bad62', '6.3', 0, '2021', 'c760170f-f055-11ec-aceb-244bfebc253d', '2022-10-31 02:46:17', '2022-10-31 02:46:17'),
('9f33f614-9dc2-4423-948e-ffc7b7789561', '5.2', 0, '2021', 'c760170f-f055-11ec-aceb-244bfebc253d', '2022-10-31 02:46:17', '2022-10-31 02:46:17'),
('a480b02f-c966-4095-b7f3-60f83eea1903', '5.1.06', 0, '2019', 'c760170f-f055-11ec-aceb-244bfebc253d', '2022-10-31 09:41:04', '2022-10-31 09:41:04'),
('a7020a7d-c1d0-4b9c-83ec-caf00cfbf710', '4.2.01', 0, '2022', 'c760170f-f055-11ec-aceb-244bfebc253d', '2022-10-31 09:28:13', '2022-10-31 09:28:13'),
('a911b707-3357-4a61-be1c-0d9ececb58d2', '5.1.04', 0, '2018', 'c760170f-f055-11ec-aceb-244bfebc253d', '2022-10-31 09:41:24', '2022-10-31 09:41:24'),
('a96c9da8-12f9-4e08-9eb0-6fd73852e199', '5.2', 0, '2022', 'c760170f-f055-11ec-aceb-244bfebc253d', '2022-10-31 02:50:26', '2022-10-31 02:50:26'),
('abbc4404-b82e-475b-881e-526c6aa86f9f', '5.1', 0, '2022', 'c760170f-f055-11ec-aceb-244bfebc253d', '2022-10-31 09:28:13', '2022-10-31 09:28:13'),
('ae10c1dc-2a6f-4baa-a01b-8a35be7f8a23', '6.1.01', 0, '2021', 'c760170f-f055-11ec-aceb-244bfebc253d', '2022-10-31 02:46:17', '2022-10-31 02:46:17'),
('b179d064-36f4-491d-ac99-5e6b390f5b1b', '4.1.04', 0, '2022', 'c760170f-f055-11ec-aceb-244bfebc253d', '2022-10-31 02:50:25', '2022-10-31 02:50:25'),
('b32b1fea-f2c2-4066-8870-578281adc630', '6.2', 0, '2019', 'c760170f-f055-11ec-aceb-244bfebc253d', '2022-10-31 09:41:04', '2022-10-31 09:41:04'),
('b423378b-34c3-46dc-a25b-ae026aad1bf5', '6.2', 0, '2022', 'c760170f-f055-11ec-aceb-244bfebc253d', '2022-10-31 02:50:26', '2022-10-31 02:50:26'),
('b4d7b873-ac1b-4305-8180-f21a642d565a', '4.2.02', 0, '2019', 'c760170f-f055-11ec-aceb-244bfebc253d', '2022-10-31 09:41:04', '2022-10-31 09:41:04'),
('b53ccec4-312f-4ec1-84a1-c74eabf19848', '4.1.01', 0, '2018', 'c760170f-f055-11ec-aceb-244bfebc253d', '2022-10-31 09:41:24', '2022-10-31 09:41:24'),
('b82c1c51-6919-4203-9742-733b3fc545e7', '5.1.01', 0, '2019', 'c760170f-f055-11ec-aceb-244bfebc253d', '2022-10-31 09:41:04', '2022-10-31 09:41:04'),
('ba2a943d-b30d-44e5-a1ad-602e71f5e7e5', '5.4.02', 0, '2019', 'c760170f-f055-11ec-aceb-244bfebc253d', '2022-10-31 09:41:04', '2022-10-31 09:41:04'),
('babec78b-9e44-43e6-9edb-bf3943ff027f', '4.3.01', 0, '2021', 'c760170f-f055-11ec-aceb-244bfebc253d', '2022-10-31 02:46:17', '2022-10-31 02:46:17'),
('bb62df61-7784-4458-a693-16567b87b7f2', '4.3', 0, '2022', 'c760170f-f055-11ec-aceb-244bfebc253d', '2022-10-31 09:28:13', '2022-10-31 09:28:13'),
('bd2df508-faa1-4322-89fa-d555fa603ae1', '4.1.03', 0, '2022', 'c760170f-f055-11ec-aceb-244bfebc253d', '2022-10-31 09:28:13', '2022-10-31 09:28:13'),
('bd4a9831-110c-49eb-83a5-dbd0f82f5b7c', '4.1', 0, '2022', 'c760170f-f055-11ec-aceb-244bfebc253d', '2022-10-31 09:28:13', '2022-10-31 09:28:13'),
('bd6bc6f9-a433-4ac2-91b6-7aec86b6f9aa', '5.4.01', 0, '2022', 'c760170f-f055-11ec-aceb-244bfebc253d', '2022-10-31 02:50:26', '2022-10-31 02:50:26'),
('bda3a225-aea6-4105-859c-12efbc9f6209', '5.3', 0, '2022', 'c760170f-f055-11ec-aceb-244bfebc253d', '2022-10-31 09:28:13', '2022-10-31 09:28:13'),
('bdeba362-d393-4a0a-bc2f-464addbeecf1', '5.1.02', 0, '2019', 'c760170f-f055-11ec-aceb-244bfebc253d', '2022-10-31 09:41:04', '2022-10-31 09:41:04'),
('bfaab243-ffde-4b1e-b1e4-2d28e963353a', '4.2', 0, '2019', 'c760170f-f055-11ec-aceb-244bfebc253d', '2022-10-31 09:41:04', '2022-10-31 09:41:04'),
('bfd4b5f0-e7cd-4482-bd89-53581c0ede23', '4.2.02', 0, '2022', 'c760170f-f055-11ec-aceb-244bfebc253d', '2022-10-31 02:50:26', '2022-10-31 02:50:26'),
('c1eb335e-082d-44db-ba9f-6f29d39d5804', '4.2.02', 0, '2022', 'c760170f-f055-11ec-aceb-244bfebc253d', '2022-10-31 09:28:13', '2022-10-31 09:28:13'),
('c1f8495d-f271-4444-b19e-73837bd4fba5', '5.3.01', 0, '2018', 'c760170f-f055-11ec-aceb-244bfebc253d', '2022-10-31 09:41:24', '2022-10-31 09:41:24'),
('c1fe4109-aaad-41d2-a0ec-08620a80ca2a', '5.2.03', 0, '2022', 'c760170f-f055-11ec-aceb-244bfebc253d', '2022-10-31 09:28:13', '2022-10-31 09:28:13'),
('c36eba65-25a6-40b3-8116-6735e087454f', '5.4.01', 0, '2019', 'c760170f-f055-11ec-aceb-244bfebc253d', '2022-10-31 09:41:04', '2022-10-31 09:41:04'),
('c43fdb57-8832-4b55-88c6-3c6dbeeed342', '5.1.04', 0, '2019', 'c760170f-f055-11ec-aceb-244bfebc253d', '2022-10-31 09:41:04', '2022-10-31 09:41:04'),
('c99e1580-8baa-4c18-a049-90669508cd9a', '5.2.05', 0, '2018', 'c760170f-f055-11ec-aceb-244bfebc253d', '2022-10-31 09:41:24', '2022-10-31 09:41:24'),
('c9d18275-8080-4043-9365-0571562f6b39', '4.3.01', 0, '2022', 'c760170f-f055-11ec-aceb-244bfebc253d', '2022-10-31 02:50:26', '2022-10-31 02:50:26'),
('ca0eec86-07f2-4bf9-ad37-1058244093d6', '4.1.01', 0, '2022', 'c760170f-f055-11ec-aceb-244bfebc253d', '2022-10-31 02:50:25', '2022-10-31 02:50:25'),
('ca47f5e1-8d4a-4012-8b58-8caf4d343000', '5.3.01', 0, '2019', 'c760170f-f055-11ec-aceb-244bfebc253d', '2022-10-31 09:41:04', '2022-10-31 09:41:04'),
('cf21665e-fc77-4e12-97ec-e16e6e3ee678', '5.1.03', 0, '2021', 'c760170f-f055-11ec-aceb-244bfebc253d', '2022-10-31 02:46:17', '2022-10-31 02:46:17'),
('cf2e7f67-1b9f-41e1-b018-db6c8f0d9667', '6.2', 0, '2022', 'c760170f-f055-11ec-aceb-244bfebc253d', '2022-10-31 09:28:13', '2022-10-31 09:28:13'),
('cf488899-87d0-42c3-addf-3ea459e27ec5', '4.1.03', 0, '2019', 'c760170f-f055-11ec-aceb-244bfebc253d', '2022-10-31 09:41:04', '2022-10-31 09:41:04'),
('d04bb999-4ad9-4135-956b-ec67de7ebda6', '5.4.01', 0, '2022', 'c760170f-f055-11ec-aceb-244bfebc253d', '2022-10-31 09:28:13', '2022-10-31 09:28:13'),
('d5ff3249-39e9-4a40-b834-38e41547236a', '5.1.06', 0, '2021', 'c760170f-f055-11ec-aceb-244bfebc253d', '2022-10-31 02:46:17', '2022-10-31 02:46:17'),
('d711cacf-b22d-462c-bc5a-bad72f778c4f', '5.1.02', 0, '2022', 'c760170f-f055-11ec-aceb-244bfebc253d', '2022-10-31 09:28:13', '2022-10-31 09:28:13'),
('d9d4a6b8-f50d-471b-97ed-4cb4b968bd53', '6.3', 0, '2022', 'c760170f-f055-11ec-aceb-244bfebc253d', '2022-10-31 09:28:13', '2022-10-31 09:28:13'),
('d9f3e8fe-0d00-47fc-8dd4-8fe42563029b', '5.1.03', 0, '2022', 'c760170f-f055-11ec-aceb-244bfebc253d', '2022-10-31 02:50:26', '2022-10-31 02:50:26'),
('dac56e49-e89d-409b-93db-073f575a7a9f', '6.3', 0, '2018', 'c760170f-f055-11ec-aceb-244bfebc253d', '2022-10-31 09:41:24', '2022-10-31 09:41:24'),
('dae865d9-1d1a-413f-9486-a76cb51f7e8d', '5.1.05', 0, '2018', 'c760170f-f055-11ec-aceb-244bfebc253d', '2022-10-31 09:41:24', '2022-10-31 09:41:24'),
('dc6f188e-0ccf-4db9-a239-86e74412ad92', '5.3.01', 0, '2022', 'c760170f-f055-11ec-aceb-244bfebc253d', '2022-10-31 02:50:26', '2022-10-31 02:50:26'),
('dcf97c8f-094e-4a59-a32a-3f24165b1b06', '6.1.01', 0, '2018', 'c760170f-f055-11ec-aceb-244bfebc253d', '2022-10-31 09:41:24', '2022-10-31 09:41:24'),
('e1b9b7a6-1dfa-4cc8-a3a8-ab44c6d875a5', '4.1.01', 0, '2019', 'c760170f-f055-11ec-aceb-244bfebc253d', '2022-10-31 09:41:04', '2022-10-31 09:41:04'),
('e4154db1-f864-43bf-aabb-0657fe4f078e', '5.4', 0, '2022', 'c760170f-f055-11ec-aceb-244bfebc253d', '2022-10-31 02:50:26', '2022-10-31 02:50:26'),
('e4bb838c-3dfc-4e3d-b2b9-b2cac9954eae', '4.3.01', 0, '2018', 'c760170f-f055-11ec-aceb-244bfebc253d', '2022-10-31 09:41:24', '2022-10-31 09:41:24'),
('e6217913-c761-4cd1-bc31-28831765b487', '5.3.01', 0, '2022', 'c760170f-f055-11ec-aceb-244bfebc253d', '2022-10-31 09:28:13', '2022-10-31 09:28:13'),
('e7ac1402-56d7-4a8b-be6b-66b83d063186', '5', 0, '2022', 'c760170f-f055-11ec-aceb-244bfebc253d', '2022-10-31 09:28:13', '2022-10-31 09:28:13'),
('e84f9723-8369-4a3f-ab1f-d368872f7bb2', '6.1', 0, '2019', 'c760170f-f055-11ec-aceb-244bfebc253d', '2022-10-31 09:41:04', '2022-10-31 09:41:04'),
('e8ee61c9-55dc-46f5-adb9-f7f3023c4714', '4.1.02', 0, '2022', 'c760170f-f055-11ec-aceb-244bfebc253d', '2022-10-31 09:28:13', '2022-10-31 09:28:13'),
('e9439515-632b-4571-a57d-599f6b993f52', '5.1.03', 0, '2019', 'c760170f-f055-11ec-aceb-244bfebc253d', '2022-10-31 09:41:04', '2022-10-31 09:41:04'),
('e97c35ed-015a-409b-8980-f712843b25a6', '4', 0, '2021', 'c760170f-f055-11ec-aceb-244bfebc253d', '2022-10-31 02:46:17', '2022-10-31 02:46:17'),
('e98ebcfe-ede8-4ad2-a784-679df0e89c13', '4.3', 0, '2019', 'c760170f-f055-11ec-aceb-244bfebc253d', '2022-10-31 09:41:04', '2022-10-31 09:41:04'),
('e9f3a2de-415c-4f90-9c4c-aa09e3509aa3', '5.1.01', 0, '2018', 'c760170f-f055-11ec-aceb-244bfebc253d', '2022-10-31 09:41:24', '2022-10-31 09:41:24'),
('ea75a689-f189-4d1b-ba81-7b9bfc29d2e5', '5.2.03', 0, '2021', 'c760170f-f055-11ec-aceb-244bfebc253d', '2022-10-31 02:46:17', '2022-10-31 02:46:17'),
('ed0ef84d-16d0-4415-adb0-f7ba031a9a0c', '4.2.01', 0, '2018', 'c760170f-f055-11ec-aceb-244bfebc253d', '2022-10-31 09:41:24', '2022-10-31 09:41:24'),
('ef98a219-ea5f-4716-aada-22f613f64bf9', '5.1.04', 0, '2022', 'c760170f-f055-11ec-aceb-244bfebc253d', '2022-10-31 09:28:13', '2022-10-31 09:28:13'),
('efb84b63-7aaf-4b93-8e3f-fdc62810e19c', '6.2.02', 0, '2021', 'c760170f-f055-11ec-aceb-244bfebc253d', '2022-10-31 02:46:17', '2022-10-31 02:46:17'),
('f0174da2-17a9-488a-8c9b-e03924ce95cf', '5.2.04', 0, '2019', 'c760170f-f055-11ec-aceb-244bfebc253d', '2022-10-31 09:41:04', '2022-10-31 09:41:04'),
('f0a234c0-8a25-406e-a9da-f21f5b5206ce', '4', 0, '2022', 'c760170f-f055-11ec-aceb-244bfebc253d', '2022-10-31 02:50:25', '2022-10-31 02:50:25'),
('f0a2908a-465e-40de-ad7b-fd5f9100a6f6', '5.1.06', 0, '2018', 'c760170f-f055-11ec-aceb-244bfebc253d', '2022-10-31 09:41:24', '2022-10-31 09:41:24'),
('f2345f93-6780-459d-aff0-a01d1fa9c4d5', '5.4', 0, '2022', 'c760170f-f055-11ec-aceb-244bfebc253d', '2022-10-31 09:28:13', '2022-10-31 09:28:13'),
('f4fee332-41d2-45f8-b7d9-f0bd3a59b79c', '6', 0, '2018', 'c760170f-f055-11ec-aceb-244bfebc253d', '2022-10-31 09:41:24', '2022-10-31 09:41:24'),
('f5e5b58b-a702-4cd9-8c53-69996053d195', '6.2.02', 0, '2018', 'c760170f-f055-11ec-aceb-244bfebc253d', '2022-10-31 09:41:24', '2022-10-31 09:41:24'),
('f6aa69db-ddb5-4860-8298-93c4eb9c9ab4', '4.1.02', 0, '2018', 'c760170f-f055-11ec-aceb-244bfebc253d', '2022-10-31 09:41:24', '2022-10-31 09:41:24'),
('f6f0b634-232c-4fd2-83cd-6759e6abb11d', '5.2.02', 0, '2018', 'c760170f-f055-11ec-aceb-244bfebc253d', '2022-10-31 09:41:24', '2022-10-31 09:41:24'),
('f7012b4e-ea97-416c-82f2-9b290a034939', '6', 0, '2022', 'c760170f-f055-11ec-aceb-244bfebc253d', '2022-10-31 09:28:13', '2022-10-31 09:28:13'),
('f72a5d8d-6aa1-4106-a780-2c6079ec5cf1', '5.4.02', 0, '2021', 'c760170f-f055-11ec-aceb-244bfebc253d', '2022-10-31 02:46:17', '2022-10-31 02:46:17'),
('f913d3b3-ba91-432a-a575-474591259865', '5.1.01', 0, '2022', 'c760170f-f055-11ec-aceb-244bfebc253d', '2022-10-31 02:50:26', '2022-10-31 02:50:26'),
('facf99ca-8401-4760-86b1-46e19c5421f6', '4.2.01', 0, '2022', 'c760170f-f055-11ec-aceb-244bfebc253d', '2022-10-31 02:50:25', '2022-10-31 02:50:25'),
('fb11616f-0f2d-4d4a-a9a5-6df8733f24a9', '6.2.02', 0, '2019', 'c760170f-f055-11ec-aceb-244bfebc253d', '2022-10-31 09:41:04', '2022-10-31 09:41:04'),
('fba99b64-c297-40e3-a35c-a10457178be2', '5.1.05', 0, '2022', 'c760170f-f055-11ec-aceb-244bfebc253d', '2022-10-31 09:28:13', '2022-10-31 09:28:13'),
('fbb08b74-377f-40df-8108-53c624764959', '6', 0, '2021', 'c760170f-f055-11ec-aceb-244bfebc253d', '2022-10-31 02:46:17', '2022-10-31 02:46:17'),
('fbf6eae3-93b8-42a5-a6fb-3ed2451d89f9', '5.2.05', 0, '2022', 'c760170f-f055-11ec-aceb-244bfebc253d', '2022-10-31 02:50:26', '2022-10-31 02:50:26'),
('ff052637-710d-4406-bc7f-98c962cd0227', '5.2', 0, '2019', 'c760170f-f055-11ec-aceb-244bfebc253d', '2022-10-31 09:41:04', '2022-10-31 09:41:04');

-- --------------------------------------------------------

--
-- Struktur dari tabel `sasaran_strategis`
--

CREATE TABLE `sasaran_strategis` (
  `id` varchar(40) COLLATE utf8mb4_unicode_ci NOT NULL,
  `sasaran_strategis` text COLLATE utf8mb4_unicode_ci NOT NULL,
  `created_at` timestamp NULL DEFAULT NULL,
  `updated_at` timestamp NULL DEFAULT NULL
) ENGINE=InnoDB DEFAULT CHARSET=utf8mb4 COLLATE=utf8mb4_unicode_ci;

--
-- Dumping data untuk tabel `sasaran_strategis`
--

INSERT INTO `sasaran_strategis` (`id`, `sasaran_strategis`, `created_at`, `updated_at`) VALUES
('80234291-662c-465f-b514-464989a9cb91', 'Meningkatnya Akuntabilitas Pengelolaan Keuangan dan Aset Daerah Provinsi NTB', '2022-10-18 06:49:21', '2022-10-19 13:13:41'),
('e87c0618-65ce-48ae-8164-2b5df924a2d9', 'tesd sasaran strategis', '2023-10-27 01:05:23', '2022-10-27 01:06:01');

-- --------------------------------------------------------

--
-- Struktur dari tabel `schedule`
--

CREATE TABLE `schedule` (
  `id` varchar(40) CHARACTER SET utf8mb4 COLLATE utf8mb4_unicode_ci NOT NULL,
  `jenis_acara` varchar(100) CHARACTER SET utf8mb4 COLLATE utf8mb4_unicode_ci NOT NULL,
  `tgl_acara` date NOT NULL,
  `jam_acara` time NOT NULL,
  `lokasi_acara` varchar(100) CHARACTER SET utf8mb4 COLLATE utf8mb4_unicode_ci NOT NULL,
  `redaksi_acara` text CHARACTER SET utf8mb4 COLLATE utf8mb4_unicode_ci NOT NULL,
  `acara_dari` varchar(100) CHARACTER SET utf8mb4 COLLATE utf8mb4_unicode_ci NOT NULL,
  `user_id` varchar(40) CHARACTER SET utf8mb4 COLLATE utf8mb4_unicode_ci NOT NULL,
  `status` enum('0','1') CHARACTER SET utf8mb4 COLLATE utf8mb4_unicode_ci NOT NULL DEFAULT '0',
  `created_at` timestamp NULL DEFAULT NULL,
  `updated_at` timestamp NULL DEFAULT NULL
) ENGINE=InnoDB DEFAULT CHARSET=utf8mb4 COLLATE=utf8mb4_unicode_ci;

--
-- Dumping data untuk tabel `schedule`
--

INSERT INTO `schedule` (`id`, `jenis_acara`, `tgl_acara`, `jam_acara`, `lokasi_acara`, `redaksi_acara`, `acara_dari`, `user_id`, `status`, `created_at`, `updated_at`) VALUES
('0a964c88-2f68-4d40-b6ab-15ecf4bab012', 'tes', '2022-07-12', '14:41:00', 'ruang rapat bpkad', 'kvhcihfuodjghc', 'program', 'cd9779d4-fbf9-432b-89e9-88b35e2882f0', '0', '2022-10-24 06:41:59', '2022-10-24 07:01:35');

-- --------------------------------------------------------

--
-- Struktur dari tabel `users`
--

CREATE TABLE `users` (
  `id` varchar(40) CHARACTER SET utf8mb4 COLLATE utf8mb4_unicode_ci NOT NULL,
  `nama` varchar(255) CHARACTER SET utf8mb4 COLLATE utf8mb4_unicode_ci NOT NULL,
  `username` varchar(255) CHARACTER SET utf8mb4 COLLATE utf8mb4_unicode_ci NOT NULL,
  `email` varchar(255) CHARACTER SET utf8mb4 COLLATE utf8mb4_unicode_ci NOT NULL,
  `foto` text CHARACTER SET utf8mb4 COLLATE utf8mb4_unicode_ci,
  `password` varchar(255) CHARACTER SET utf8mb4 COLLATE utf8mb4_unicode_ci NOT NULL,
  `jenis_pegawai` enum('admin','pimpinan','pegawai') CHARACTER SET utf8mb4 COLLATE utf8mb4_unicode_ci NOT NULL DEFAULT 'pegawai',
  `remember_token` varchar(100) CHARACTER SET utf8mb4 COLLATE utf8mb4_unicode_ci DEFAULT NULL,
  `divisi_id` varchar(40) COLLATE utf8mb4_unicode_ci NOT NULL,
  `created_at` timestamp NULL DEFAULT NULL,
  `updated_at` timestamp NULL DEFAULT NULL
) ENGINE=InnoDB DEFAULT CHARSET=utf8mb4 COLLATE=utf8mb4_unicode_ci;

--
-- Dumping data untuk tabel `users`
--

INSERT INTO `users` (`id`, `nama`, `username`, `email`, `foto`, `password`, `jenis_pegawai`, `remember_token`, `divisi_id`, `created_at`, `updated_at`) VALUES
('30ab4da4-6ba2-4b8d-8404-08b51e995f30', 'Yul Hadiansyah', 'yul', 'yulhadiansyah@gmail.com', NULL, '$2y$10$tK07yyxE.t05pBm7GbrSvuEI7vh06s4MhBh7U/Qhl676UGxYgldeq', 'pegawai', NULL, '838cc7c1-526b-11ed-8b5e-9c2976f36af1', '2022-10-23 00:44:08', '2022-10-26 01:12:25'),
('c760170f-f055-11ec-aceb-244bfebc253d', 'Admin Bpkad', 'admin', 'prog.bpkad.ntb@gmail.com', 'profile/foto_profile/c760170f-f055-11ec-aceb-244bfebc253d-ntb.png', '$2y$10$jqUSc6jtT.qKwl92j8sv9.DV.MU/5h/0uyhTh3ACq2zhrQHhCPuzW', 'admin', '0VF5yEkv4ME4tB51YGbMx2luaWo7YBKgcTMiPPFOF13muy2opAdnIaDQMfgh', '838cc7c1-526b-11ed-8b5e-9c2976f36af1', '2022-10-17 22:29:31', '2022-10-27 11:18:29'),
('cd9779d4-fbf9-432b-89e9-88b35e2882f0', 'Bowo Susatyo', 'bowo', 'bowosusatyo@gmail.com', NULL, '$2y$10$a5QUVL8.cmQwwQ0rR3N9iOTGIOHLyZRWGdFSJbmMuS2S7gFslyj4G', 'pimpinan', NULL, '030dcf28-8763-41c2-9359-26a36e8a814b', '2022-10-23 00:46:38', '2022-10-23 00:46:38');

--
-- Indexes for dumped tables
--

--
-- Indeks untuk tabel `apbd`
--
ALTER TABLE `apbd`
  ADD PRIMARY KEY (`id`),
  ADD KEY `apbd_user_id_index` (`user_id`),
  ADD KEY `apbd_kode_rekening_unique` (`kode_rekening`) USING BTREE;

--
-- Indeks untuk tabel `divisi`
--
ALTER TABLE `divisi`
  ADD PRIMARY KEY (`id`);

--
-- Indeks untuk tabel `failed_jobs`
--
ALTER TABLE `failed_jobs`
  ADD PRIMARY KEY (`id`),
  ADD UNIQUE KEY `failed_jobs_uuid_unique` (`uuid`);

--
-- Indeks untuk tabel `formulasi`
--
ALTER TABLE `formulasi`
  ADD PRIMARY KEY (`id`),
  ADD KEY `formulasi_indikator_kinerja_id_index` (`indikator_kinerja_id`),
  ADD KEY `formulasi_divisi_id_index` (`divisi_id`);

--
-- Indeks untuk tabel `iku_realisasi`
--
ALTER TABLE `iku_realisasi`
  ADD PRIMARY KEY (`id`),
  ADD KEY `iku_realisasi_sasaran_strategis_id_index` (`sasaran_strategis_id`),
  ADD KEY `iku_realisasi_indikator_kinerja_id_index` (`indikator_kinerja_id`),
  ADD KEY `iku_realisasi_formula_id_index` (`formula_id`),
  ADD KEY `iku_realisasi_user_id_index` (`user_id`);

--
-- Indeks untuk tabel `indikator_kinerja`
--
ALTER TABLE `indikator_kinerja`
  ADD PRIMARY KEY (`id`);

--
-- Indeks untuk tabel `kode_rekening`
--
ALTER TABLE `kode_rekening`
  ADD PRIMARY KEY (`id`),
  ADD UNIQUE KEY `kode_rekening_kode_rekening_unique` (`kode_rekening`);

--
-- Indeks untuk tabel `migrations`
--
ALTER TABLE `migrations`
  ADD PRIMARY KEY (`id`);

--
-- Indeks untuk tabel `password_resets`
--
ALTER TABLE `password_resets`
  ADD KEY `password_resets_email_index` (`email`);

--
-- Indeks untuk tabel `personal_access_tokens`
--
ALTER TABLE `personal_access_tokens`
  ADD PRIMARY KEY (`id`),
  ADD UNIQUE KEY `personal_access_tokens_token_unique` (`token`),
  ADD KEY `personal_access_tokens_tokenable_type_tokenable_id_index` (`tokenable_type`,`tokenable_id`);

--
-- Indeks untuk tabel `program_anggaran_iku`
--
ALTER TABLE `program_anggaran_iku`
  ADD PRIMARY KEY (`id`);

--
-- Indeks untuk tabel `realisasi_anggaran`
--
ALTER TABLE `realisasi_anggaran`
  ADD PRIMARY KEY (`id`),
  ADD KEY `realisasi_anggaran_kode_rekening_index` (`kode_rekening`);

--
-- Indeks untuk tabel `sasaran_strategis`
--
ALTER TABLE `sasaran_strategis`
  ADD PRIMARY KEY (`id`);

--
-- Indeks untuk tabel `schedule`
--
ALTER TABLE `schedule`
  ADD PRIMARY KEY (`id`),
  ADD KEY `schedule_user_id_foreign` (`user_id`);

--
-- Indeks untuk tabel `users`
--
ALTER TABLE `users`
  ADD PRIMARY KEY (`id`),
  ADD UNIQUE KEY `users_username_unique` (`username`),
  ADD UNIQUE KEY `users_email_unique` (`email`),
  ADD KEY `divisi_id` (`divisi_id`);

--
-- AUTO_INCREMENT untuk tabel yang dibuang
--

--
-- AUTO_INCREMENT untuk tabel `failed_jobs`
--
ALTER TABLE `failed_jobs`
  MODIFY `id` bigint UNSIGNED NOT NULL AUTO_INCREMENT;

--
-- AUTO_INCREMENT untuk tabel `migrations`
--
ALTER TABLE `migrations`
  MODIFY `id` int UNSIGNED NOT NULL AUTO_INCREMENT, AUTO_INCREMENT=123;

--
-- AUTO_INCREMENT untuk tabel `personal_access_tokens`
--
ALTER TABLE `personal_access_tokens`
  MODIFY `id` bigint UNSIGNED NOT NULL AUTO_INCREMENT;

--
-- Ketidakleluasaan untuk tabel pelimpahan (Dumped Tables)
--

--
-- Ketidakleluasaan untuk tabel `apbd`
--
ALTER TABLE `apbd`
  ADD CONSTRAINT `apbd_user_id_foreign` FOREIGN KEY (`user_id`) REFERENCES `users` (`id`) ON DELETE CASCADE ON UPDATE CASCADE;

--
-- Ketidakleluasaan untuk tabel `formulasi`
--
ALTER TABLE `formulasi`
  ADD CONSTRAINT `formulasi_divisi_id_foreign` FOREIGN KEY (`divisi_id`) REFERENCES `divisi` (`id`) ON DELETE CASCADE ON UPDATE CASCADE,
  ADD CONSTRAINT `formulasi_indikator_kinerja_id_foreign` FOREIGN KEY (`indikator_kinerja_id`) REFERENCES `indikator_kinerja` (`id`) ON DELETE CASCADE ON UPDATE CASCADE;

--
-- Ketidakleluasaan untuk tabel `iku_realisasi`
--
ALTER TABLE `iku_realisasi`
  ADD CONSTRAINT `iku_realisasi_formula_id_foreign` FOREIGN KEY (`formula_id`) REFERENCES `formulasi` (`id`) ON DELETE CASCADE ON UPDATE CASCADE,
  ADD CONSTRAINT `iku_realisasi_indikator_kinerja_id_foreign` FOREIGN KEY (`indikator_kinerja_id`) REFERENCES `indikator_kinerja` (`id`) ON DELETE CASCADE ON UPDATE CASCADE,
  ADD CONSTRAINT `iku_realisasi_sasaran_strategis_id_foreign` FOREIGN KEY (`sasaran_strategis_id`) REFERENCES `sasaran_strategis` (`id`) ON DELETE CASCADE ON UPDATE CASCADE,
  ADD CONSTRAINT `iku_realisasi_user_id_foreign` FOREIGN KEY (`user_id`) REFERENCES `users` (`id`) ON DELETE CASCADE ON UPDATE CASCADE;

--
-- Ketidakleluasaan untuk tabel `realisasi_anggaran`
--
ALTER TABLE `realisasi_anggaran`
  ADD CONSTRAINT `realisasi_anggaran_kode_rekening_foreign` FOREIGN KEY (`kode_rekening`) REFERENCES `apbd` (`kode_rekening`) ON DELETE CASCADE ON UPDATE CASCADE;

--
-- Ketidakleluasaan untuk tabel `schedule`
--
ALTER TABLE `schedule`
  ADD CONSTRAINT `schedule_user_id_foreign` FOREIGN KEY (`user_id`) REFERENCES `users` (`id`) ON DELETE CASCADE ON UPDATE CASCADE;

--
-- Ketidakleluasaan untuk tabel `users`
--
ALTER TABLE `users`
  ADD CONSTRAINT `users_divisi_id_foreign` FOREIGN KEY (`divisi_id`) REFERENCES `divisi` (`id`) ON DELETE CASCADE ON UPDATE CASCADE;
COMMIT;

/*!40101 SET CHARACTER_SET_CLIENT=@OLD_CHARACTER_SET_CLIENT */;
/*!40101 SET CHARACTER_SET_RESULTS=@OLD_CHARACTER_SET_RESULTS */;
/*!40101 SET COLLATION_CONNECTION=@OLD_COLLATION_CONNECTION */;
